測試照片,Baseline照片,相似度,結果,Bgray,Bnight,Bwhite,Lhelmet,Mhelmet,Shelmet,cap,glasses,hat,mask,non,sunglasses1,sunglasses2,label
Bnight_cap(鈺威).jpg,原照 (1).jpg,0.051762693,❌ 不是同一個人,0,1,0,0,0,0,1,0,0,0,0,0,0,0
Bnight_cap(鈺威).jpg,瑋志原照 (1).jpg,-0.059375163,❌ 不是同一個人,0,1,0,0,0,0,1,0,0,0,0,0,0,0
Bnight_cap(鈺威).jpg,鈺威原照 (1).jpg,0.5574858,✅ 同一個人,0,1,0,0,0,0,1,0,0,0,0,0,0,1
Bnight_cap(鈺威).jpg,黨勝原照 (1).jpg,0.17183498,❌ 不是同一個人,0,1,0,0,0,0,1,0,0,0,0,0,0,0
Bnight_cap(鈺威).jpg,子泰原照 (1).jpg,0.2204454,❌ 不是同一個人,0,1,0,0,0,0,1,0,0,0,0,0,0,0
Bnight_glasses(鈺威).jpg,原照 (1).jpg,0.09889965,❌ 不是同一個人,0,1,0,0,0,0,0,1,0,0,0,0,0,0
Bnight_glasses(鈺威).jpg,瑋志原照 (1).jpg,-0.06534949,❌ 不是同一個人,0,1,0,0,0,0,0,1,0,0,0,0,0,0
Bnight_glasses(鈺威).jpg,鈺威原照 (1).jpg,0.5404283,✅ 同一個人,0,1,0,0,0,0,0,1,0,0,0,0,0,1
Bnight_glasses(鈺威).jpg,黨勝原照 (1).jpg,0.14518443,❌ 不是同一個人,0,1,0,0,0,0,0,1,0,0,0,0,0,0
Bnight_glasses(鈺威).jpg,子泰原照 (1).jpg,0.27304238,❌ 不是同一個人,0,1,0,0,0,0,0,1,0,0,0,0,0,0
Bnight_mask(鈺威).jpg,原照 (1).jpg,0.07026583,❌ 不是同一個人,0,1,0,0,0,0,0,0,0,1,0,0,0,0
Bnight_mask(鈺威).jpg,瑋志原照 (1).jpg,0.05466865,❌ 不是同一個人,0,1,0,0,0,0,0,0,0,1,0,0,0,0
Bnight_mask(鈺威).jpg,鈺威原照 (1).jpg,0.46156293,✅ 同一個人,0,1,0,0,0,0,0,0,0,1,0,0,0,1
Bnight_mask(鈺威).jpg,黨勝原照 (1).jpg,0.13948503,❌ 不是同一個人,0,1,0,0,0,0,0,0,0,1,0,0,0,0
Bnight_mask(鈺威).jpg,子泰原照 (1).jpg,0.18397675,❌ 不是同一個人,0,1,0,0,0,0,0,0,0,1,0,0,0,0
Bnight_non(鈺威).jpg,原照 (1).jpg,0.04741624,❌ 不是同一個人,0,1,0,0,0,0,0,0,0,0,1,0,0,0
Bnight_non(鈺威).jpg,瑋志原照 (1).jpg,-0.04703288,❌ 不是同一個人,0,1,0,0,0,0,0,0,0,0,1,0,0,0
Bnight_non(鈺威).jpg,鈺威原照 (1).jpg,0.60854924,✅ 同一個人,0,1,0,0,0,0,0,0,0,0,1,0,0,1
Bnight_non(鈺威).jpg,黨勝原照 (1).jpg,0.13875273,❌ 不是同一個人,0,1,0,0,0,0,0,0,0,0,1,0,0,0
Bnight_non(鈺威).jpg,子泰原照 (1).jpg,0.20166343,❌ 不是同一個人,0,1,0,0,0,0,0,0,0,0,1,0,0,0
Bwhite_cap(鈺威).jpg,原照 (1).jpg,0.10121508,❌ 不是同一個人,0,0,1,0,0,0,1,0,0,0,0,0,0,0
Bwhite_cap(鈺威).jpg,瑋志原照 (1).jpg,0.102600016,❌ 不是同一個人,0,0,1,0,0,0,1,0,0,0,0,0,0,0
Bwhite_cap(鈺威).jpg,鈺威原照 (1).jpg,0.6974766,✅ 同一個人,0,0,1,0,0,0,1,0,0,0,0,0,0,1
Bwhite_cap(鈺威).jpg,黨勝原照 (1).jpg,0.09166801,❌ 不是同一個人,0,0,1,0,0,0,1,0,0,0,0,0,0,0
Bwhite_cap(鈺威).jpg,子泰原照 (1).jpg,0.18846703,❌ 不是同一個人,0,0,1,0,0,0,1,0,0,0,0,0,0,0
Bwhite_cap_mask(鈺威).jpg,原照 (1).jpg,0.13343018,❌ 不是同一個人,0,0,1,0,0,0,1,0,0,1,0,0,0,0
Bwhite_cap_mask(鈺威).jpg,瑋志原照 (1).jpg,0.057383046,❌ 不是同一個人,0,0,1,0,0,0,1,0,0,1,0,0,0,0
Bwhite_cap_mask(鈺威).jpg,鈺威原照 (1).jpg,0.43831918,✅ 同一個人,0,0,1,0,0,0,1,0,0,1,0,0,0,1
Bwhite_cap_mask(鈺威).jpg,黨勝原照 (1).jpg,0.16833462,❌ 不是同一個人,0,0,1,0,0,0,1,0,0,1,0,0,0,0
Bwhite_cap_mask(鈺威).jpg,子泰原照 (1).jpg,0.22553435,❌ 不是同一個人,0,0,1,0,0,0,1,0,0,1,0,0,0,0
Bwhite_glasses(鈺威).jpg,原照 (1).jpg,0.16006048,❌ 不是同一個人,0,0,1,0,0,0,0,1,0,0,0,0,0,0
Bwhite_glasses(鈺威).jpg,瑋志原照 (1).jpg,0.10386132,❌ 不是同一個人,0,0,1,0,0,0,0,1,0,0,0,0,0,0
Bwhite_glasses(鈺威).jpg,鈺威原照 (1).jpg,0.8275338,✅ 同一個人,0,0,1,0,0,0,0,1,0,0,0,0,0,1
Bwhite_glasses(鈺威).jpg,黨勝原照 (1).jpg,0.16737726,❌ 不是同一個人,0,0,1,0,0,0,0,1,0,0,0,0,0,0
Bwhite_glasses(鈺威).jpg,子泰原照 (1).jpg,0.26149288,❌ 不是同一個人,0,0,1,0,0,0,0,1,0,0,0,0,0,0
Bwhite_glasses_mask(鈺威).jpg,原照 (1).jpg,0.22728077,❌ 不是同一個人,0,0,1,0,0,0,0,1,0,1,0,0,0,0
Bwhite_glasses_mask(鈺威).jpg,瑋志原照 (1).jpg,0.15195015,❌ 不是同一個人,0,0,1,0,0,0,0,1,0,1,0,0,0,0
Bwhite_glasses_mask(鈺威).jpg,鈺威原照 (1).jpg,0.56232625,✅ 同一個人,0,0,1,0,0,0,0,1,0,1,0,0,0,1
Bwhite_glasses_mask(鈺威).jpg,黨勝原照 (1).jpg,0.2145808,❌ 不是同一個人,0,0,1,0,0,0,0,1,0,1,0,0,0,0
Bwhite_glasses_mask(鈺威).jpg,子泰原照 (1).jpg,0.25459152,❌ 不是同一個人,0,0,1,0,0,0,0,1,0,1,0,0,0,0
Bwhite_mask(鈺威).jpg,原照 (1).jpg,0.12546079,❌ 不是同一個人,0,0,1,0,0,0,0,0,0,1,0,0,0,0
Bwhite_mask(鈺威).jpg,瑋志原照 (1).jpg,0.08871735,❌ 不是同一個人,0,0,1,0,0,0,0,0,0,1,0,0,0,0
Bwhite_mask(鈺威).jpg,鈺威原照 (1).jpg,0.5515636,✅ 同一個人,0,0,1,0,0,0,0,0,0,1,0,0,0,1
Bwhite_mask(鈺威).jpg,黨勝原照 (1).jpg,0.1721754,❌ 不是同一個人,0,0,1,0,0,0,0,0,0,1,0,0,0,0
Bwhite_mask(鈺威).jpg,子泰原照 (1).jpg,0.17567313,❌ 不是同一個人,0,0,1,0,0,0,0,0,0,1,0,0,0,0
Bnight_glasses(子泰).jpg,原照 (1).jpg,0.17578492,❌ 不是同一個人,0,1,0,0,0,0,0,1,0,0,0,0,0,0
Bnight_glasses(子泰).jpg,瑋志原照 (1).jpg,0.037856843,❌ 不是同一個人,0,1,0,0,0,0,0,1,0,0,0,0,0,0
Bnight_glasses(子泰).jpg,鈺威原照 (1).jpg,0.19131696,❌ 不是同一個人,0,1,0,0,0,0,0,1,0,0,0,0,0,0
Bnight_glasses(子泰).jpg,黨勝原照 (1).jpg,0.17007583,❌ 不是同一個人,0,1,0,0,0,0,0,1,0,0,0,0,0,0
Bnight_glasses(子泰).jpg,子泰原照 (1).jpg,0.6945566,✅ 同一個人,0,1,0,0,0,0,0,1,0,0,0,0,0,1
Bnight_mask(子泰).jpg,原照 (1).jpg,0.20091231,❌ 不是同一個人,0,1,0,0,0,0,0,0,0,1,0,0,0,0
Bnight_mask(子泰).jpg,瑋志原照 (1).jpg,0.18891016,❌ 不是同一個人,0,1,0,0,0,0,0,0,0,1,0,0,0,0
Bnight_mask(子泰).jpg,鈺威原照 (1).jpg,0.23764978,❌ 不是同一個人,0,1,0,0,0,0,0,0,0,1,0,0,0,0
Bnight_mask(子泰).jpg,黨勝原照 (1).jpg,0.19437738,❌ 不是同一個人,0,1,0,0,0,0,0,0,0,1,0,0,0,0
Bnight_mask(子泰).jpg,子泰原照 (1).jpg,0.44420666,✅ 同一個人,0,1,0,0,0,0,0,0,0,1,0,0,0,1
Bnight_non(子泰).jpg,原照 (1).jpg,0.14671426,❌ 不是同一個人,0,1,0,0,0,0,0,0,0,0,1,0,0,0
Bnight_non(子泰).jpg,瑋志原照 (1).jpg,0.033126846,❌ 不是同一個人,0,1,0,0,0,0,0,0,0,0,1,0,0,0
Bnight_non(子泰).jpg,鈺威原照 (1).jpg,0.22675554,❌ 不是同一個人,0,1,0,0,0,0,0,0,0,0,1,0,0,0
Bnight_non(子泰).jpg,黨勝原照 (1).jpg,0.17950237,❌ 不是同一個人,0,1,0,0,0,0,0,0,0,0,1,0,0,0
Bnight_non(子泰).jpg,子泰原照 (1).jpg,0.68859947,✅ 同一個人,0,1,0,0,0,0,0,0,0,0,1,0,0,1
Bwhite_glasses_mask(子泰).jpg,原照 (1).jpg,0.27845,❌ 不是同一個人,0,0,1,0,0,0,0,1,0,1,0,0,0,0
Bwhite_glasses_mask(子泰).jpg,瑋志原照 (1).jpg,0.2552844,❌ 不是同一個人,0,0,1,0,0,0,0,1,0,1,0,0,0,0
Bwhite_glasses_mask(子泰).jpg,鈺威原照 (1).jpg,0.22202763,❌ 不是同一個人,0,0,1,0,0,0,0,1,0,1,0,0,0,0
Bwhite_glasses_mask(子泰).jpg,黨勝原照 (1).jpg,0.2228449,❌ 不是同一個人,0,0,1,0,0,0,0,1,0,1,0,0,0,0
Bwhite_glasses_mask(子泰).jpg,子泰原照 (1).jpg,0.5737519,✅ 同一個人,0,0,1,0,0,0,0,1,0,1,0,0,0,1
Bwhite_mask(子泰).jpg,原照 (1).jpg,0.24702309,❌ 不是同一個人,0,0,1,0,0,0,0,0,0,1,0,0,0,0
Bwhite_mask(子泰).jpg,瑋志原照 (1).jpg,0.18566328,❌ 不是同一個人,0,0,1,0,0,0,0,0,0,1,0,0,0,0
Bwhite_mask(子泰).jpg,鈺威原照 (1).jpg,0.21426955,❌ 不是同一個人,0,0,1,0,0,0,0,0,0,1,0,0,0,0
Bwhite_mask(子泰).jpg,黨勝原照 (1).jpg,0.21099189,❌ 不是同一個人,0,0,1,0,0,0,0,0,0,1,0,0,0,0
Bwhite_mask(子泰).jpg,子泰原照 (1).jpg,0.47344536,✅ 同一個人,0,0,1,0,0,0,0,0,0,1,0,0,0,1
Bwhite_non(子泰).jpg,原照 (1).jpg,0.17264771,❌ 不是同一個人,0,0,1,0,0,0,0,0,0,0,1,0,0,0
Bwhite_non(子泰).jpg,瑋志原照 (1).jpg,0.013692359,❌ 不是同一個人,0,0,1,0,0,0,0,0,0,0,1,0,0,0
Bwhite_non(子泰).jpg,鈺威原照 (1).jpg,0.20422813,❌ 不是同一個人,0,0,1,0,0,0,0,0,0,0,1,0,0,0
Bwhite_non(子泰).jpg,黨勝原照 (1).jpg,0.17317006,❌ 不是同一個人,0,0,1,0,0,0,0,0,0,0,1,0,0,0
Bwhite_non(子泰).jpg,子泰原照 (1).jpg,0.85405874,✅ 同一個人,0,0,1,0,0,0,0,0,0,0,1,0,0,1
Bwhite_glasses(黨勝).jpg,原照 (1).jpg,0.253811,❌ 不是同一個人,0,0,1,0,0,0,0,1,0,0,0,0,0,0
Bwhite_glasses(黨勝).jpg,瑋志原照 (1).jpg,0.18154408,❌ 不是同一個人,0,0,1,0,0,0,0,1,0,0,0,0,0,0
Bwhite_glasses(黨勝).jpg,鈺威原照 (1).jpg,0.20141992,❌ 不是同一個人,0,0,1,0,0,0,0,1,0,0,0,0,0,0
Bwhite_glasses(黨勝).jpg,黨勝原照 (1).jpg,0.7812506,✅ 同一個人,0,0,1,0,0,0,0,1,0,0,0,0,0,1
Bwhite_glasses(黨勝).jpg,子泰原照 (1).jpg,0.14366056,❌ 不是同一個人,0,0,1,0,0,0,0,1,0,0,0,0,0,0
Bwhite_mask(黨勝).jpg,原照 (1).jpg,0.18537785,❌ 不是同一個人,0,0,1,0,0,0,0,0,0,1,0,0,0,0
Bwhite_mask(黨勝).jpg,瑋志原照 (1).jpg,0.09776982,❌ 不是同一個人,0,0,1,0,0,0,0,0,0,1,0,0,0,0
Bwhite_mask(黨勝).jpg,鈺威原照 (1).jpg,0.25376087,❌ 不是同一個人,0,0,1,0,0,0,0,0,0,1,0,0,0,0
Bwhite_mask(黨勝).jpg,黨勝原照 (1).jpg,0.5497839,✅ 同一個人,0,0,1,0,0,0,0,0,0,1,0,0,0,1
Bwhite_mask(黨勝).jpg,子泰原照 (1).jpg,0.22555906,❌ 不是同一個人,0,0,1,0,0,0,0,0,0,1,0,0,0,0
Bwhite_mask(黨勝2).jpg,原照 (1).jpg,0.20297334,❌ 不是同一個人,0,0,1,0,0,0,0,0,0,1,0,0,0,0
Bwhite_mask(黨勝2).jpg,瑋志原照 (1).jpg,0.06682867,❌ 不是同一個人,0,0,1,0,0,0,0,0,0,1,0,0,0,0
Bwhite_mask(黨勝2).jpg,鈺威原照 (1).jpg,0.21818772,❌ 不是同一個人,0,0,1,0,0,0,0,0,0,1,0,0,0,0
Bwhite_mask(黨勝2).jpg,黨勝原照 (1).jpg,0.5441553,✅ 同一個人,0,0,1,0,0,0,0,0,0,1,0,0,0,1
Bwhite_mask(黨勝2).jpg,子泰原照 (1).jpg,0.23921645,❌ 不是同一個人,0,0,1,0,0,0,0,0,0,1,0,0,0,0
Bgray_non(黨勝).jpg,原照 (1).jpg,0.17729968,❌ 不是同一個人,1,0,0,0,0,0,0,0,0,0,1,0,0,0
Bgray_non(黨勝).jpg,瑋志原照 (1).jpg,0.098302454,❌ 不是同一個人,1,0,0,0,0,0,0,0,0,0,1,0,0,0
Bgray_non(黨勝).jpg,鈺威原照 (1).jpg,0.19912066,❌ 不是同一個人,1,0,0,0,0,0,0,0,0,0,1,0,0,0
Bgray_non(黨勝).jpg,黨勝原照 (1).jpg,0.7874627,✅ 同一個人,1,0,0,0,0,0,0,0,0,0,1,0,0,1
Bgray_non(黨勝).jpg,子泰原照 (1).jpg,0.09228805,❌ 不是同一個人,1,0,0,0,0,0,0,0,0,0,1,0,0,0
Bwhite_glasses_mask(黨勝).jpg,原照 (1).jpg,0.3456825,❌ 不是同一個人,0,0,1,0,0,0,0,1,0,1,0,0,0,0
Bwhite_glasses_mask(黨勝).jpg,瑋志原照 (1).jpg,0.20167992,❌ 不是同一個人,0,0,1,0,0,0,0,1,0,1,0,0,0,0
Bwhite_glasses_mask(黨勝).jpg,鈺威原照 (1).jpg,0.21124484,❌ 不是同一個人,0,0,1,0,0,0,0,1,0,1,0,0,0,0
Bwhite_glasses_mask(黨勝).jpg,黨勝原照 (1).jpg,0.4844566,✅ 同一個人,0,0,1,0,0,0,0,1,0,1,0,0,0,1
Bwhite_glasses_mask(黨勝).jpg,子泰原照 (1).jpg,0.33296543,❌ 不是同一個人,0,0,1,0,0,0,0,1,0,1,0,0,0,0
Bwhite_Mhelmet(黨勝2).jpg,原照 (1).jpg,0.12013461,❌ 不是同一個人,0,0,1,0,1,0,0,0,0,0,0,0,0,0
Bwhite_Mhelmet(黨勝2).jpg,瑋志原照 (1).jpg,0.07510747,❌ 不是同一個人,0,0,1,0,1,0,0,0,0,0,0,0,0,0
Bwhite_Mhelmet(黨勝2).jpg,鈺威原照 (1).jpg,0.04312492,❌ 不是同一個人,0,0,1,0,1,0,0,0,0,0,0,0,0,0
Bwhite_Mhelmet(黨勝2).jpg,黨勝原照 (1).jpg,0.36121446,✅ 同一個人,0,0,1,0,1,0,0,0,0,0,0,0,0,1
Bwhite_Mhelmet(黨勝2).jpg,子泰原照 (1).jpg,-0.06814876,❌ 不是同一個人,0,0,1,0,1,0,0,0,0,0,0,0,0,0
Bgray_glasses(黨勝).jpg,原照 (1).jpg,0.15906823,❌ 不是同一個人,1,0,0,0,0,0,0,1,0,0,0,0,0,0
Bgray_glasses(黨勝).jpg,瑋志原照 (1).jpg,0.17842047,❌ 不是同一個人,1,0,0,0,0,0,0,1,0,0,0,0,0,0
Bgray_glasses(黨勝).jpg,鈺威原照 (1).jpg,0.20177312,❌ 不是同一個人,1,0,0,0,0,0,0,1,0,0,0,0,0,0
Bgray_glasses(黨勝).jpg,黨勝原照 (1).jpg,0.55959344,✅ 同一個人,1,0,0,0,0,0,0,1,0,0,0,0,0,1
Bgray_glasses(黨勝).jpg,子泰原照 (1).jpg,0.16726363,❌ 不是同一個人,1,0,0,0,0,0,0,1,0,0,0,0,0,0
Bgray_Mhelmet(黨勝).jpg,原照 (1).jpg,0.041074734,❌ 不是同一個人,1,0,0,0,1,0,0,0,0,0,0,0,0,0
Bgray_Mhelmet(黨勝).jpg,瑋志原照 (1).jpg,0.14893016,❌ 不是同一個人,1,0,0,0,1,0,0,0,0,0,0,0,0,0
Bgray_Mhelmet(黨勝).jpg,鈺威原照 (1).jpg,0.08956617,❌ 不是同一個人,1,0,0,0,1,0,0,0,0,0,0,0,0,0
Bgray_Mhelmet(黨勝).jpg,黨勝原照 (1).jpg,0.31289577,❌ 不是同一個人,1,0,0,0,1,0,0,0,0,0,0,0,0,1
Bgray_Mhelmet(黨勝).jpg,子泰原照 (1).jpg,0.024857184,❌ 不是同一個人,1,0,0,0,1,0,0,0,0,0,0,0,0,0
Bgray_Mhelmet(黨勝2).jpg,原照 (1).jpg,0.05208624,❌ 不是同一個人,1,0,0,0,1,0,0,0,0,0,0,0,0,0
Bgray_Mhelmet(黨勝2).jpg,瑋志原照 (1).jpg,0.0806007,❌ 不是同一個人,1,0,0,0,1,0,0,0,0,0,0,0,0,0
Bgray_Mhelmet(黨勝2).jpg,鈺威原照 (1).jpg,0.07259726,❌ 不是同一個人,1,0,0,0,1,0,0,0,0,0,0,0,0,0
Bgray_Mhelmet(黨勝2).jpg,黨勝原照 (1).jpg,0.39995098,✅ 同一個人,1,0,0,0,1,0,0,0,0,0,0,0,0,1
Bgray_Mhelmet(黨勝2).jpg,子泰原照 (1).jpg,-0.000875812,❌ 不是同一個人,1,0,0,0,1,0,0,0,0,0,0,0,0,0
Bnight_glasses(黨勝).jpg,原照 (1).jpg,0.19059691,❌ 不是同一個人,0,1,0,0,0,0,0,1,0,0,0,0,0,0
Bnight_glasses(黨勝).jpg,瑋志原照 (1).jpg,0.20801614,❌ 不是同一個人,0,1,0,0,0,0,0,1,0,0,0,0,0,0
Bnight_glasses(黨勝).jpg,鈺威原照 (1).jpg,0.18656792,❌ 不是同一個人,0,1,0,0,0,0,0,1,0,0,0,0,0,0
Bnight_glasses(黨勝).jpg,黨勝原照 (1).jpg,0.5248846,✅ 同一個人,0,1,0,0,0,0,0,1,0,0,0,0,0,1
Bnight_glasses(黨勝).jpg,子泰原照 (1).jpg,0.1610823,❌ 不是同一個人,0,1,0,0,0,0,0,1,0,0,0,0,0,0
Bnight_mask(黨勝).jpg,原照 (1).jpg,0.1894185,❌ 不是同一個人,0,1,0,0,0,0,0,0,0,1,0,0,0,0
Bnight_mask(黨勝).jpg,瑋志原照 (1).jpg,0.092256665,❌ 不是同一個人,0,1,0,0,0,0,0,0,0,1,0,0,0,0
Bnight_mask(黨勝).jpg,鈺威原照 (1).jpg,0.20068914,❌ 不是同一個人,0,1,0,0,0,0,0,0,0,1,0,0,0,0
Bnight_mask(黨勝).jpg,黨勝原照 (1).jpg,0.47479028,✅ 同一個人,0,1,0,0,0,0,0,0,0,1,0,0,0,1
Bnight_mask(黨勝).jpg,子泰原照 (1).jpg,0.15553151,❌ 不是同一個人,0,1,0,0,0,0,0,0,0,1,0,0,0,0
Bnight_non(黨勝).jpg,原照 (1).jpg,0.15877306,❌ 不是同一個人,0,1,0,0,0,0,0,0,0,0,1,0,0,0
Bnight_non(黨勝).jpg,瑋志原照 (1).jpg,0.108333595,❌ 不是同一個人,0,1,0,0,0,0,0,0,0,0,1,0,0,0
Bnight_non(黨勝).jpg,鈺威原照 (1).jpg,0.15545735,❌ 不是同一個人,0,1,0,0,0,0,0,0,0,0,1,0,0,0
Bnight_non(黨勝).jpg,黨勝原照 (1).jpg,0.6664796,✅ 同一個人,0,1,0,0,0,0,0,0,0,0,1,0,0,1
Bnight_non(黨勝).jpg,子泰原照 (1).jpg,0.081553504,❌ 不是同一個人,0,1,0,0,0,0,0,0,0,0,1,0,0,0
Bwhite_Mhelmet(黨勝).jpg,原照 (1).jpg,0.05539784,❌ 不是同一個人,0,0,1,0,1,0,0,0,0,0,0,0,0,0
Bwhite_Mhelmet(黨勝).jpg,瑋志原照 (1).jpg,0.035470024,❌ 不是同一個人,0,0,1,0,1,0,0,0,0,0,0,0,0,0
Bwhite_Mhelmet(黨勝).jpg,鈺威原照 (1).jpg,0.041824006,❌ 不是同一個人,0,0,1,0,1,0,0,0,0,0,0,0,0,0
Bwhite_Mhelmet(黨勝).jpg,黨勝原照 (1).jpg,0.3999518,✅ 同一個人,0,0,1,0,1,0,0,0,0,0,0,0,0,1
Bwhite_Mhelmet(黨勝).jpg,子泰原照 (1).jpg,-0.063532636,❌ 不是同一個人,0,0,1,0,1,0,0,0,0,0,0,0,0,0
Bwhite_Mhelmet_mask(黨勝).jpg,原照 (1).jpg,0.111412376,❌ 不是同一個人,0,0,1,0,1,0,0,0,0,1,0,0,0,0
Bwhite_Mhelmet_mask(黨勝).jpg,瑋志原照 (1).jpg,0.1095729,❌ 不是同一個人,0,0,1,0,1,0,0,0,0,1,0,0,0,0
Bwhite_Mhelmet_mask(黨勝).jpg,鈺威原照 (1).jpg,0.02686983,❌ 不是同一個人,0,0,1,0,1,0,0,0,0,1,0,0,0,0
Bwhite_Mhelmet_mask(黨勝).jpg,黨勝原照 (1).jpg,0.24704191,❌ 不是同一個人,0,0,1,0,1,0,0,0,0,1,0,0,0,1
Bwhite_Mhelmet_mask(黨勝).jpg,子泰原照 (1).jpg,0.11716746,❌ 不是同一個人,0,0,1,0,1,0,0,0,0,1,0,0,0,0
Bwhite_Mhelmet_mask(黨勝2).jpg,原照 (1).jpg,0.13962744,❌ 不是同一個人,0,0,1,0,1,0,0,0,0,1,0,0,0,0
Bwhite_Mhelmet_mask(黨勝2).jpg,瑋志原照 (1).jpg,0.11623362,❌ 不是同一個人,0,0,1,0,1,0,0,0,0,1,0,0,0,0
Bwhite_Mhelmet_mask(黨勝2).jpg,鈺威原照 (1).jpg,0.026064273,❌ 不是同一個人,0,0,1,0,1,0,0,0,0,1,0,0,0,0
Bwhite_Mhelmet_mask(黨勝2).jpg,黨勝原照 (1).jpg,0.21888328,❌ 不是同一個人,0,0,1,0,1,0,0,0,0,1,0,0,0,1
Bwhite_Mhelmet_mask(黨勝2).jpg,子泰原照 (1).jpg,0.08676653,❌ 不是同一個人,0,0,1,0,1,0,0,0,0,1,0,0,0,0
Bnight_mask(黨勝2).jpg,原照 (1).jpg,0.17791227,❌ 不是同一個人,0,1,0,0,0,0,0,0,0,1,0,0,0,0
Bnight_mask(黨勝2).jpg,瑋志原照 (1).jpg,0.06529895,❌ 不是同一個人,0,1,0,0,0,0,0,0,0,1,0,0,0,0
Bnight_mask(黨勝2).jpg,鈺威原照 (1).jpg,0.23749009,❌ 不是同一個人,0,1,0,0,0,0,0,0,0,1,0,0,0,0
Bnight_mask(黨勝2).jpg,黨勝原照 (1).jpg,0.4721014,✅ 同一個人,0,1,0,0,0,0,0,0,0,1,0,0,0,1
Bnight_mask(黨勝2).jpg,子泰原照 (1).jpg,0.20190072,❌ 不是同一個人,0,1,0,0,0,0,0,0,0,1,0,0,0,0
Bnight_glasses(瑋志).jpg,原照 (1).jpg,0.18284601,❌ 不是同一個人,0,1,0,0,0,0,0,1,0,0,0,0,0,0
Bnight_glasses(瑋志).jpg,瑋志原照 (1).jpg,0.83809,✅ 同一個人,0,1,0,0,0,0,0,1,0,0,0,0,0,1
Bnight_glasses(瑋志).jpg,鈺威原照 (1).jpg,0.053191222,❌ 不是同一個人,0,1,0,0,0,0,0,1,0,0,0,0,0,0
Bnight_glasses(瑋志).jpg,黨勝原照 (1).jpg,0.08369219,❌ 不是同一個人,0,1,0,0,0,0,0,1,0,0,0,0,0,0
Bnight_glasses(瑋志).jpg,子泰原照 (1).jpg,0.11374052,❌ 不是同一個人,0,1,0,0,0,0,0,1,0,0,0,0,0,0
Bnight_glasses_mask(瑋志).jpg,原照 (1).jpg,0.14622578,❌ 不是同一個人,0,1,0,0,0,0,0,1,0,1,0,0,0,0
Bnight_glasses_mask(瑋志).jpg,瑋志原照 (1).jpg,0.3690365,✅ 同一個人,0,1,0,0,0,0,0,1,0,1,0,0,0,1
Bnight_glasses_mask(瑋志).jpg,鈺威原照 (1).jpg,0.06627396,❌ 不是同一個人,0,1,0,0,0,0,0,1,0,1,0,0,0,0
Bnight_glasses_mask(瑋志).jpg,黨勝原照 (1).jpg,0.082367286,❌ 不是同一個人,0,1,0,0,0,0,0,1,0,1,0,0,0,0
Bnight_glasses_mask(瑋志).jpg,子泰原照 (1).jpg,0.21331042,❌ 不是同一個人,0,1,0,0,0,0,0,1,0,1,0,0,0,0
Bwhite_glasses(瑋志2).jpg,原照 (1).jpg,0.1826508,❌ 不是同一個人,0,0,1,0,0,0,0,1,0,0,0,0,0,0
Bwhite_glasses(瑋志2).jpg,瑋志原照 (1).jpg,0.93116575,✅ 同一個人,0,0,1,0,0,0,0,1,0,0,0,0,0,1
Bwhite_glasses(瑋志2).jpg,鈺威原照 (1).jpg,0.03765881,❌ 不是同一個人,0,0,1,0,0,0,0,1,0,0,0,0,0,0
Bwhite_glasses(瑋志2).jpg,黨勝原照 (1).jpg,0.062697805,❌ 不是同一個人,0,0,1,0,0,0,0,1,0,0,0,0,0,0
Bwhite_glasses(瑋志2).jpg,子泰原照 (1).jpg,0.067145124,❌ 不是同一個人,0,0,1,0,0,0,0,1,0,0,0,0,0,0
Bwhite_glasses_Lhelmet(瑋志).jpg,原照 (1).jpg,0.09494479,❌ 不是同一個人,0,0,1,1,0,0,0,1,0,0,0,0,0,0
Bwhite_glasses_Lhelmet(瑋志).jpg,瑋志原照 (1).jpg,0.46318573,✅ 同一個人,0,0,1,1,0,0,0,1,0,0,0,0,0,1
Bwhite_glasses_Lhelmet(瑋志).jpg,鈺威原照 (1).jpg,0.06168484,❌ 不是同一個人,0,0,1,1,0,0,0,1,0,0,0,0,0,0
Bwhite_glasses_Lhelmet(瑋志).jpg,黨勝原照 (1).jpg,-0.008929824,❌ 不是同一個人,0,0,1,1,0,0,0,1,0,0,0,0,0,0
Bwhite_glasses_Lhelmet(瑋志).jpg,子泰原照 (1).jpg,0.08176881,❌ 不是同一個人,0,0,1,1,0,0,0,1,0,0,0,0,0,0
Bwhite_glasses_Lhelmet(瑋志2).jpg,原照 (1).jpg,0.118653186,❌ 不是同一個人,0,0,1,1,0,0,0,1,0,0,0,0,0,0
Bwhite_glasses_Lhelmet(瑋志2).jpg,瑋志原照 (1).jpg,0.4655739,✅ 同一個人,0,0,1,1,0,0,0,1,0,0,0,0,0,1
Bwhite_glasses_Lhelmet(瑋志2).jpg,鈺威原照 (1).jpg,0.0761774,❌ 不是同一個人,0,0,1,1,0,0,0,1,0,0,0,0,0,0
Bwhite_glasses_Lhelmet(瑋志2).jpg,黨勝原照 (1).jpg,0.011736145,❌ 不是同一個人,0,0,1,1,0,0,0,1,0,0,0,0,0,0
Bwhite_glasses_Lhelmet(瑋志2).jpg,子泰原照 (1).jpg,0.08820951,❌ 不是同一個人,0,0,1,1,0,0,0,1,0,0,0,0,0,0
Bwhite_glasses_mask(瑋志).jpg,原照 (1).jpg,0.1856315,❌ 不是同一個人,0,0,1,0,0,0,0,1,0,1,0,0,0,0
Bwhite_glasses_mask(瑋志).jpg,瑋志原照 (1).jpg,0.4035396,✅ 同一個人,0,0,1,0,0,0,0,1,0,1,0,0,0,1
Bwhite_glasses_mask(瑋志).jpg,鈺威原照 (1).jpg,0.10540721,❌ 不是同一個人,0,0,1,0,0,0,0,1,0,1,0,0,0,0
Bwhite_glasses_mask(瑋志).jpg,黨勝原照 (1).jpg,0.10786439,❌ 不是同一個人,0,0,1,0,0,0,0,1,0,1,0,0,0,0
Bwhite_glasses_mask(瑋志).jpg,子泰原照 (1).jpg,0.28219616,❌ 不是同一個人,0,0,1,0,0,0,0,1,0,1,0,0,0,0
Bnight_sunglasses1+hat.jpg,原照 (1).jpg,0.5044894,✅ 同一個人,0,1,0,0,0,0,0,0,1,0,0,1,0,1
Bnight_sunglasses1+hat.jpg,瑋志原照 (1).jpg,0.11756097,❌ 不是同一個人,0,1,0,0,0,0,0,0,1,0,0,1,0,0
Bnight_sunglasses1+hat.jpg,鈺威原照 (1).jpg,0.107478276,❌ 不是同一個人,0,1,0,0,0,0,0,0,1,0,0,1,0,0
Bnight_sunglasses1+hat.jpg,黨勝原照 (1).jpg,0.13227987,❌ 不是同一個人,0,1,0,0,0,0,0,0,1,0,0,1,0,0
Bnight_sunglasses1+hat.jpg,子泰原照 (1).jpg,0.20725107,❌ 不是同一個人,0,1,0,0,0,0,0,0,1,0,0,1,0,0
Bgray_sunglasses1+hat.jpg,原照 (1).jpg,0.513808,✅ 同一個人,1,0,0,0,0,0,0,0,1,0,0,1,0,1
Bgray_sunglasses1+hat.jpg,瑋志原照 (1).jpg,0.18968014,❌ 不是同一個人,1,0,0,0,0,0,0,0,1,0,0,1,0,0
Bgray_sunglasses1+hat.jpg,鈺威原照 (1).jpg,0.09762268,❌ 不是同一個人,1,0,0,0,0,0,0,0,1,0,0,1,0,0
Bgray_sunglasses1+hat.jpg,黨勝原照 (1).jpg,0.11449128,❌ 不是同一個人,1,0,0,0,0,0,0,0,1,0,0,1,0,0
Bgray_sunglasses1+hat.jpg,子泰原照 (1).jpg,0.2222794,❌ 不是同一個人,1,0,0,0,0,0,0,0,1,0,0,1,0,0
Bwhite_sunglasses1+hat.jpg,原照 (1).jpg,0.49278063,✅ 同一個人,0,0,1,0,0,0,0,0,1,0,0,1,0,1
Bwhite_sunglasses1+hat.jpg,瑋志原照 (1).jpg,0.13254187,❌ 不是同一個人,0,0,1,0,0,0,0,0,1,0,0,1,0,0
Bwhite_sunglasses1+hat.jpg,鈺威原照 (1).jpg,0.04648834,❌ 不是同一個人,0,0,1,0,0,0,0,0,1,0,0,1,0,0
Bwhite_sunglasses1+hat.jpg,黨勝原照 (1).jpg,0.042045917,❌ 不是同一個人,0,0,1,0,0,0,0,0,1,0,0,1,0,0
Bwhite_sunglasses1+hat.jpg,子泰原照 (1).jpg,0.22055352,❌ 不是同一個人,0,0,1,0,0,0,0,0,1,0,0,1,0,0
Bnight_mask+glasses+hat.jpg,原照 (1).jpg,0.42041743,✅ 同一個人,0,1,0,0,0,0,0,1,1,1,0,0,0,1
Bnight_mask+glasses+hat.jpg,瑋志原照 (1).jpg,0.14948675,❌ 不是同一個人,0,1,0,0,0,0,0,1,1,1,0,0,0,0
Bnight_mask+glasses+hat.jpg,鈺威原照 (1).jpg,0.08479343,❌ 不是同一個人,0,1,0,0,0,0,0,1,1,1,0,0,0,0
Bnight_mask+glasses+hat.jpg,黨勝原照 (1).jpg,0.19023615,❌ 不是同一個人,0,1,0,0,0,0,0,1,1,1,0,0,0,0
Bnight_mask+glasses+hat.jpg,子泰原照 (1).jpg,0.22534582,❌ 不是同一個人,0,1,0,0,0,0,0,1,1,1,0,0,0,0
Bgray_mask+glasses+hat.jpg,原照 (1).jpg,0.36359742,✅ 同一個人,1,0,0,0,0,0,0,1,1,1,0,0,0,1
Bgray_mask+glasses+hat.jpg,瑋志原照 (1).jpg,0.12035191,❌ 不是同一個人,1,0,0,0,0,0,0,1,1,1,0,0,0,0
Bgray_mask+glasses+hat.jpg,鈺威原照 (1).jpg,0.021642165,❌ 不是同一個人,1,0,0,0,0,0,0,1,1,1,0,0,0,0
Bgray_mask+glasses+hat.jpg,黨勝原照 (1).jpg,0.08771725,❌ 不是同一個人,1,0,0,0,0,0,0,1,1,1,0,0,0,0
Bgray_mask+glasses+hat.jpg,子泰原照 (1).jpg,0.17679504,❌ 不是同一個人,1,0,0,0,0,0,0,1,1,1,0,0,0,0
Bwhite_mask+glasses+hat.jpg,原照 (1).jpg,0.336285,❌ 不是同一個人,0,0,1,0,0,0,0,1,1,1,0,0,0,1
Bwhite_mask+glasses+hat.jpg,瑋志原照 (1).jpg,0.121184595,❌ 不是同一個人,0,0,1,0,0,0,0,1,1,1,0,0,0,0
Bwhite_mask+glasses+hat.jpg,鈺威原照 (1).jpg,-0.011005247,❌ 不是同一個人,0,0,1,0,0,0,0,1,1,1,0,0,0,0
Bwhite_mask+glasses+hat.jpg,黨勝原照 (1).jpg,0.09495996,❌ 不是同一個人,0,0,1,0,0,0,0,1,1,1,0,0,0,0
Bwhite_mask+glasses+hat.jpg,子泰原照 (1).jpg,0.16871072,❌ 不是同一個人,0,0,1,0,0,0,0,1,1,1,0,0,0,0
Bnight_mask+glasses+cap.jpg,原照 (1).jpg,0.40924853,✅ 同一個人,0,1,0,0,0,0,1,1,0,1,0,0,0,1
Bnight_mask+glasses+cap.jpg,瑋志原照 (1).jpg,0.10986383,❌ 不是同一個人,0,1,0,0,0,0,1,1,0,1,0,0,0,0
Bnight_mask+glasses+cap.jpg,鈺威原照 (1).jpg,0.04368926,❌ 不是同一個人,0,1,0,0,0,0,1,1,0,1,0,0,0,0
Bnight_mask+glasses+cap.jpg,黨勝原照 (1).jpg,0.20841709,❌ 不是同一個人,0,1,0,0,0,0,1,1,0,1,0,0,0,0
Bnight_mask+glasses+cap.jpg,子泰原照 (1).jpg,0.18330628,❌ 不是同一個人,0,1,0,0,0,0,1,1,0,1,0,0,0,0
Bgray_mask+glasses+cap.jpg,原照 (1).jpg,0.4295982,✅ 同一個人,1,0,0,0,0,0,1,1,0,1,0,0,0,1
Bgray_mask+glasses+cap.jpg,瑋志原照 (1).jpg,0.1515782,❌ 不是同一個人,1,0,0,0,0,0,1,1,0,1,0,0,0,0
Bgray_mask+glasses+cap.jpg,鈺威原照 (1).jpg,0.022374,❌ 不是同一個人,1,0,0,0,0,0,1,1,0,1,0,0,0,0
Bgray_mask+glasses+cap.jpg,黨勝原照 (1).jpg,0.15176381,❌ 不是同一個人,1,0,0,0,0,0,1,1,0,1,0,0,0,0
Bgray_mask+glasses+cap.jpg,子泰原照 (1).jpg,0.18635038,❌ 不是同一個人,1,0,0,0,0,0,1,1,0,1,0,0,0,0
Bwhite_mask+glasses+cap.jpg,原照 (1).jpg,0.3070803,❌ 不是同一個人,0,0,1,0,0,0,1,1,0,1,0,0,0,1
Bwhite_mask+glasses+cap.jpg,瑋志原照 (1).jpg,0.055310927,❌ 不是同一個人,0,0,1,0,0,0,1,1,0,1,0,0,0,0
Bwhite_mask+glasses+cap.jpg,鈺威原照 (1).jpg,0.038309194,❌ 不是同一個人,0,0,1,0,0,0,1,1,0,1,0,0,0,0
Bwhite_mask+glasses+cap.jpg,黨勝原照 (1).jpg,0.07521542,❌ 不是同一個人,0,0,1,0,0,0,1,1,0,1,0,0,0,0
Bwhite_mask+glasses+cap.jpg,子泰原照 (1).jpg,0.12217061,❌ 不是同一個人,0,0,1,0,0,0,1,1,0,1,0,0,0,0
Bnight_sunglasses1+cap.jpg,原照 (1).jpg,0.464406,✅ 同一個人,0,1,0,0,0,0,1,0,0,0,0,1,0,1
Bnight_sunglasses1+cap.jpg,瑋志原照 (1).jpg,0.10007701,❌ 不是同一個人,0,1,0,0,0,0,1,0,0,0,0,1,0,0
Bnight_sunglasses1+cap.jpg,鈺威原照 (1).jpg,0.105082385,❌ 不是同一個人,0,1,0,0,0,0,1,0,0,0,0,1,0,0
Bnight_sunglasses1+cap.jpg,黨勝原照 (1).jpg,0.15961996,❌ 不是同一個人,0,1,0,0,0,0,1,0,0,0,0,1,0,0
Bnight_sunglasses1+cap.jpg,子泰原照 (1).jpg,0.1970495,❌ 不是同一個人,0,1,0,0,0,0,1,0,0,0,0,1,0,0
Bgray_sunglasses1+cap.jpg,原照 (1).jpg,0.49192044,✅ 同一個人,1,0,0,0,0,0,1,0,0,0,0,1,0,1
Bgray_sunglasses1+cap.jpg,瑋志原照 (1).jpg,0.09608449,❌ 不是同一個人,1,0,0,0,0,0,1,0,0,0,0,1,0,0
Bgray_sunglasses1+cap.jpg,鈺威原照 (1).jpg,0.107935086,❌ 不是同一個人,1,0,0,0,0,0,1,0,0,0,0,1,0,0
Bgray_sunglasses1+cap.jpg,黨勝原照 (1).jpg,0.16322345,❌ 不是同一個人,1,0,0,0,0,0,1,0,0,0,0,1,0,0
Bgray_sunglasses1+cap.jpg,子泰原照 (1).jpg,0.18098955,❌ 不是同一個人,1,0,0,0,0,0,1,0,0,0,0,1,0,0
Bwhite_sunglasses1+cap.jpg,原照 (1).jpg,0.4382242,✅ 同一個人,0,0,1,0,0,0,1,0,0,0,0,1,0,1
Bwhite_sunglasses1+cap.jpg,瑋志原照 (1).jpg,0.09802921,❌ 不是同一個人,0,0,1,0,0,0,1,0,0,0,0,1,0,0
Bwhite_sunglasses1+cap.jpg,鈺威原照 (1).jpg,0.109085165,❌ 不是同一個人,0,0,1,0,0,0,1,0,0,0,0,1,0,0
Bwhite_sunglasses1+cap.jpg,黨勝原照 (1).jpg,0.09464787,❌ 不是同一個人,0,0,1,0,0,0,1,0,0,0,0,1,0,0
Bwhite_sunglasses1+cap.jpg,子泰原照 (1).jpg,0.22416675,❌ 不是同一個人,0,0,1,0,0,0,1,0,0,0,0,1,0,0
Bnight_cap.jpg,原照 (1).jpg,0.49433768,✅ 同一個人,0,1,0,0,0,0,1,0,0,0,0,0,0,1
Bnight_cap.jpg,瑋志原照 (1).jpg,0.016835947,❌ 不是同一個人,0,1,0,0,0,0,1,0,0,0,0,0,0,0
Bnight_cap.jpg,鈺威原照 (1).jpg,0.19995382,❌ 不是同一個人,0,1,0,0,0,0,1,0,0,0,0,0,0,0
Bnight_cap.jpg,黨勝原照 (1).jpg,0.12857896,❌ 不是同一個人,0,1,0,0,0,0,1,0,0,0,0,0,0,0
Bnight_cap.jpg,子泰原照 (1).jpg,0.14720306,❌ 不是同一個人,0,1,0,0,0,0,1,0,0,0,0,0,0,0
Bgray_cap.jpg,原照 (1).jpg,0.52923584,✅ 同一個人,1,0,0,0,0,0,1,0,0,0,0,0,0,1
Bgray_cap.jpg,瑋志原照 (1).jpg,0.12929632,❌ 不是同一個人,1,0,0,0,0,0,1,0,0,0,0,0,0,0
Bgray_cap.jpg,鈺威原照 (1).jpg,0.10407729,❌ 不是同一個人,1,0,0,0,0,0,1,0,0,0,0,0,0,0
Bgray_cap.jpg,黨勝原照 (1).jpg,0.10152671,❌ 不是同一個人,1,0,0,0,0,0,1,0,0,0,0,0,0,0
Bgray_cap.jpg,子泰原照 (1).jpg,0.09104428,❌ 不是同一個人,1,0,0,0,0,0,1,0,0,0,0,0,0,0
Bwhite_cap.jpg,原照 (1).jpg,0.527433,✅ 同一個人,0,0,1,0,0,0,1,0,0,0,0,0,0,1
Bwhite_cap.jpg,瑋志原照 (1).jpg,0.10022497,❌ 不是同一個人,0,0,1,0,0,0,1,0,0,0,0,0,0,0
Bwhite_cap.jpg,鈺威原照 (1).jpg,0.058488652,❌ 不是同一個人,0,0,1,0,0,0,1,0,0,0,0,0,0,0
Bwhite_cap.jpg,黨勝原照 (1).jpg,0.030523662,❌ 不是同一個人,0,0,1,0,0,0,1,0,0,0,0,0,0,0
Bwhite_cap.jpg,子泰原照 (1).jpg,0.12404054,❌ 不是同一個人,0,0,1,0,0,0,1,0,0,0,0,0,0,0
Bnight_sunglasses2+Mhelmet.jpg,原照 (1).jpg,0.15779893,❌ 不是同一個人,0,1,0,0,1,0,0,0,0,0,0,0,1,1
Bnight_sunglasses2+Mhelmet.jpg,瑋志原照 (1).jpg,0.110841595,❌ 不是同一個人,0,1,0,0,1,0,0,0,0,0,0,0,1,0
Bnight_sunglasses2+Mhelmet.jpg,鈺威原照 (1).jpg,0.015670488,❌ 不是同一個人,0,1,0,0,1,0,0,0,0,0,0,0,1,0
Bnight_sunglasses2+Mhelmet.jpg,黨勝原照 (1).jpg,0.15116268,❌ 不是同一個人,0,1,0,0,1,0,0,0,0,0,0,0,1,0
Bnight_sunglasses2+Mhelmet.jpg,子泰原照 (1).jpg,0.02844071,❌ 不是同一個人,0,1,0,0,1,0,0,0,0,0,0,0,1,0
Bgray_sunglasses2+Mhelmet.jpg,原照 (1).jpg,0.3413149,❌ 不是同一個人,1,0,0,0,1,0,0,0,0,0,0,0,1,1
Bgray_sunglasses2+Mhelmet.jpg,瑋志原照 (1).jpg,0.14415574,❌ 不是同一個人,1,0,0,0,1,0,0,0,0,0,0,0,1,0
Bgray_sunglasses2+Mhelmet.jpg,鈺威原照 (1).jpg,0.1262653,❌ 不是同一個人,1,0,0,0,1,0,0,0,0,0,0,0,1,0
Bgray_sunglasses2+Mhelmet.jpg,黨勝原照 (1).jpg,0.10733338,❌ 不是同一個人,1,0,0,0,1,0,0,0,0,0,0,0,1,0
Bgray_sunglasses2+Mhelmet.jpg,子泰原照 (1).jpg,0.06336323,❌ 不是同一個人,1,0,0,0,1,0,0,0,0,0,0,0,1,0
Bwhite_sunglasses2+Mhelmet.jpg,原照 (1).jpg,0.37046957,✅ 同一個人,0,0,1,0,1,0,0,0,0,0,0,0,1,1
Bwhite_sunglasses2+Mhelmet.jpg,瑋志原照 (1).jpg,0.18782604,❌ 不是同一個人,0,0,1,0,1,0,0,0,0,0,0,0,1,0
Bwhite_sunglasses2+Mhelmet.jpg,鈺威原照 (1).jpg,0.13650152,❌ 不是同一個人,0,0,1,0,1,0,0,0,0,0,0,0,1,0
Bwhite_sunglasses2+Mhelmet.jpg,黨勝原照 (1).jpg,0.12085539,❌ 不是同一個人,0,0,1,0,1,0,0,0,0,0,0,0,1,0
Bwhite_sunglasses2+Mhelmet.jpg,子泰原照 (1).jpg,0.11396087,❌ 不是同一個人,0,0,1,0,1,0,0,0,0,0,0,0,1,0
Bnight_sunglasses1+Mhelmet.jpg,原照 (1).jpg,0.15295395,❌ 不是同一個人,0,1,0,0,1,0,0,0,0,0,0,1,0,1
Bnight_sunglasses1+Mhelmet.jpg,瑋志原照 (1).jpg,0.06412565,❌ 不是同一個人,0,1,0,0,1,0,0,0,0,0,0,1,0,0
Bnight_sunglasses1+Mhelmet.jpg,鈺威原照 (1).jpg,-0.02552601,❌ 不是同一個人,0,1,0,0,1,0,0,0,0,0,0,1,0,0
Bnight_sunglasses1+Mhelmet.jpg,黨勝原照 (1).jpg,0.05917194,❌ 不是同一個人,0,1,0,0,1,0,0,0,0,0,0,1,0,0
Bnight_sunglasses1+Mhelmet.jpg,子泰原照 (1).jpg,0.055653833,❌ 不是同一個人,0,1,0,0,1,0,0,0,0,0,0,1,0,0
Bgray_sunglasses1+Mhelmet.jpg,原照 (1).jpg,0.3320782,❌ 不是同一個人,1,0,0,0,1,0,0,0,0,0,0,1,0,1
Bgray_sunglasses1+Mhelmet.jpg,瑋志原照 (1).jpg,0.1670228,❌ 不是同一個人,1,0,0,0,1,0,0,0,0,0,0,1,0,0
Bgray_sunglasses1+Mhelmet.jpg,鈺威原照 (1).jpg,0.15884578,❌ 不是同一個人,1,0,0,0,1,0,0,0,0,0,0,1,0,0
Bgray_sunglasses1+Mhelmet.jpg,黨勝原照 (1).jpg,0.10078612,❌ 不是同一個人,1,0,0,0,1,0,0,0,0,0,0,1,0,0
Bgray_sunglasses1+Mhelmet.jpg,子泰原照 (1).jpg,0.1990532,❌ 不是同一個人,1,0,0,0,1,0,0,0,0,0,0,1,0,0
Bwhite_sunglasses1+Mhelmet.jpg,原照 (1).jpg,0.34640154,❌ 不是同一個人,0,0,1,0,1,0,0,0,0,0,0,1,0,1
Bwhite_sunglasses1+Mhelmet.jpg,瑋志原照 (1).jpg,0.17847916,❌ 不是同一個人,0,0,1,0,1,0,0,0,0,0,0,1,0,0
Bwhite_sunglasses1+Mhelmet.jpg,鈺威原照 (1).jpg,0.09909591,❌ 不是同一個人,0,0,1,0,1,0,0,0,0,0,0,1,0,0
Bwhite_sunglasses1+Mhelmet.jpg,黨勝原照 (1).jpg,0.058042876,❌ 不是同一個人,0,0,1,0,1,0,0,0,0,0,0,1,0,0
Bwhite_sunglasses1+Mhelmet.jpg,子泰原照 (1).jpg,0.10759054,❌ 不是同一個人,0,0,1,0,1,0,0,0,0,0,0,1,0,0
Bnight_mask+Mhelmet.jpg,原照 (1).jpg,0.15406731,❌ 不是同一個人,0,1,0,0,1,0,0,0,0,1,0,0,0,1
Bnight_mask+Mhelmet.jpg,瑋志原照 (1).jpg,0.03353826,❌ 不是同一個人,0,1,0,0,1,0,0,0,0,1,0,0,0,0
Bnight_mask+Mhelmet.jpg,鈺威原照 (1).jpg,0.105393395,❌ 不是同一個人,0,1,0,0,1,0,0,0,0,1,0,0,0,0
Bnight_mask+Mhelmet.jpg,黨勝原照 (1).jpg,0.20686191,❌ 不是同一個人,0,1,0,0,1,0,0,0,0,1,0,0,0,0
Bnight_mask+Mhelmet.jpg,子泰原照 (1).jpg,0.08909595,❌ 不是同一個人,0,1,0,0,1,0,0,0,0,1,0,0,0,0
Bgray_mask+Mhelmet.jpg,原照 (1).jpg,0.19479361,❌ 不是同一個人,1,0,0,0,1,0,0,0,0,1,0,0,0,1
Bgray_mask+Mhelmet.jpg,瑋志原照 (1).jpg,0.10103804,❌ 不是同一個人,1,0,0,0,1,0,0,0,0,1,0,0,0,0
Bgray_mask+Mhelmet.jpg,鈺威原照 (1).jpg,0.011808581,❌ 不是同一個人,1,0,0,0,1,0,0,0,0,1,0,0,0,0
Bgray_mask+Mhelmet.jpg,黨勝原照 (1).jpg,0.11780271,❌ 不是同一個人,1,0,0,0,1,0,0,0,0,1,0,0,0,0
Bgray_mask+Mhelmet.jpg,子泰原照 (1).jpg,0.11585573,❌ 不是同一個人,1,0,0,0,1,0,0,0,0,1,0,0,0,0
Bwhite_mask+Mhelmet.jpg,原照 (1).jpg,0.3242579,❌ 不是同一個人,0,0,1,0,1,0,0,0,0,1,0,0,0,1
Bwhite_mask+Mhelmet.jpg,瑋志原照 (1).jpg,-0.011365671,❌ 不是同一個人,0,0,1,0,1,0,0,0,0,1,0,0,0,0
Bwhite_mask+Mhelmet.jpg,鈺威原照 (1).jpg,0.02627514,❌ 不是同一個人,0,0,1,0,1,0,0,0,0,1,0,0,0,0
Bwhite_mask+Mhelmet.jpg,黨勝原照 (1).jpg,0.12967901,❌ 不是同一個人,0,0,1,0,1,0,0,0,0,1,0,0,0,0
Bwhite_mask+Mhelmet.jpg,子泰原照 (1).jpg,0.10654845,❌ 不是同一個人,0,0,1,0,1,0,0,0,0,1,0,0,0,0
Bnight_mask+Mhelmet+glasses.jpg,原照 (1).jpg,0.23289779,❌ 不是同一個人,0,1,0,0,1,0,0,1,0,1,0,0,0,1
Bnight_mask+Mhelmet+glasses.jpg,瑋志原照 (1).jpg,0.15382418,❌ 不是同一個人,0,1,0,0,1,0,0,1,0,1,0,0,0,0
Bnight_mask+Mhelmet+glasses.jpg,鈺威原照 (1).jpg,0.007823147,❌ 不是同一個人,0,1,0,0,1,0,0,1,0,1,0,0,0,0
Bnight_mask+Mhelmet+glasses.jpg,黨勝原照 (1).jpg,0.12881237,❌ 不是同一個人,0,1,0,0,1,0,0,1,0,1,0,0,0,0
Bnight_mask+Mhelmet+glasses.jpg,子泰原照 (1).jpg,0.10981582,❌ 不是同一個人,0,1,0,0,1,0,0,1,0,1,0,0,0,0
Bgray_mask+Mhelmet+glasses.jpg,原照 (1).jpg,0.2736132,❌ 不是同一個人,1,0,0,0,1,0,0,1,0,1,0,0,0,1
Bgray_mask+Mhelmet+glasses.jpg,瑋志原照 (1).jpg,0.18291587,❌ 不是同一個人,1,0,0,0,1,0,0,1,0,1,0,0,0,0
Bgray_mask+Mhelmet+glasses.jpg,鈺威原照 (1).jpg,0.04225459,❌ 不是同一個人,1,0,0,0,1,0,0,1,0,1,0,0,0,0
Bgray_mask+Mhelmet+glasses.jpg,黨勝原照 (1).jpg,0.20465383,❌ 不是同一個人,1,0,0,0,1,0,0,1,0,1,0,0,0,0
Bgray_mask+Mhelmet+glasses.jpg,子泰原照 (1).jpg,0.20725244,❌ 不是同一個人,1,0,0,0,1,0,0,1,0,1,0,0,0,0
Bwhite_mask+Mhelmet+glasses.jpg,原照 (1).jpg,0.27951595,❌ 不是同一個人,0,0,1,0,1,0,0,1,0,1,0,0,0,1
Bwhite_mask+Mhelmet+glasses.jpg,瑋志原照 (1).jpg,0.20047326,❌ 不是同一個人,0,0,1,0,1,0,0,1,0,1,0,0,0,0
Bwhite_mask+Mhelmet+glasses.jpg,鈺威原照 (1).jpg,0.08748487,❌ 不是同一個人,0,0,1,0,1,0,0,1,0,1,0,0,0,0
Bwhite_mask+Mhelmet+glasses.jpg,黨勝原照 (1).jpg,0.13612366,❌ 不是同一個人,0,0,1,0,1,0,0,1,0,1,0,0,0,0
Bwhite_mask+Mhelmet+glasses.jpg,子泰原照 (1).jpg,0.20219703,❌ 不是同一個人,0,0,1,0,1,0,0,1,0,1,0,0,0,0
Bnight_mask+Shelmet+glasses.jpg,原照 (1).jpg,0.43832415,✅ 同一個人,0,1,0,0,0,1,0,1,0,1,0,0,0,1
Bnight_mask+Shelmet+glasses.jpg,瑋志原照 (1).jpg,0.19144735,❌ 不是同一個人,0,1,0,0,0,1,0,1,0,1,0,0,0,0
Bnight_mask+Shelmet+glasses.jpg,鈺威原照 (1).jpg,0.059949763,❌ 不是同一個人,0,1,0,0,0,1,0,1,0,1,0,0,0,0
Bnight_mask+Shelmet+glasses.jpg,黨勝原照 (1).jpg,0.1533263,❌ 不是同一個人,0,1,0,0,0,1,0,1,0,1,0,0,0,0
Bnight_mask+Shelmet+glasses.jpg,子泰原照 (1).jpg,0.23100536,❌ 不是同一個人,0,1,0,0,0,1,0,1,0,1,0,0,0,0
Bgray_mask+Shelmet+glasses.jpg,原照 (1).jpg,0.39523906,✅ 同一個人,1,0,0,0,0,1,0,1,0,1,0,0,0,1
Bgray_mask+Shelmet+glasses.jpg,瑋志原照 (1).jpg,0.13710637,❌ 不是同一個人,1,0,0,0,0,1,0,1,0,1,0,0,0,0
Bgray_mask+Shelmet+glasses.jpg,鈺威原照 (1).jpg,0.10367012,❌ 不是同一個人,1,0,0,0,0,1,0,1,0,1,0,0,0,0
Bgray_mask+Shelmet+glasses.jpg,黨勝原照 (1).jpg,0.12329312,❌ 不是同一個人,1,0,0,0,0,1,0,1,0,1,0,0,0,0
Bgray_mask+Shelmet+glasses.jpg,子泰原照 (1).jpg,0.2179712,❌ 不是同一個人,1,0,0,0,0,1,0,1,0,1,0,0,0,0
Bwhite_mask+Shelmet+glasses.jpg,原照 (1).jpg,0.5026432,✅ 同一個人,0,0,1,0,0,1,0,1,0,1,0,0,0,1
Bwhite_mask+Shelmet+glasses.jpg,瑋志原照 (1).jpg,0.16396265,❌ 不是同一個人,0,0,1,0,0,1,0,1,0,1,0,0,0,0
Bwhite_mask+Shelmet+glasses.jpg,鈺威原照 (1).jpg,0.07618526,❌ 不是同一個人,0,0,1,0,0,1,0,1,0,1,0,0,0,0
Bwhite_mask+Shelmet+glasses.jpg,黨勝原照 (1).jpg,0.11132778,❌ 不是同一個人,0,0,1,0,0,1,0,1,0,1,0,0,0,0
Bwhite_mask+Shelmet+glasses.jpg,子泰原照 (1).jpg,0.21694401,❌ 不是同一個人,0,0,1,0,0,1,0,1,0,1,0,0,0,0
Bnight_mask+Shelmet.jpg,原照 (1).jpg,0.44264513,✅ 同一個人,0,1,0,0,0,1,0,0,0,1,0,0,0,1
Bnight_mask+Shelmet.jpg,瑋志原照 (1).jpg,0.090290666,❌ 不是同一個人,0,1,0,0,0,1,0,0,0,1,0,0,0,0
Bnight_mask+Shelmet.jpg,鈺威原照 (1).jpg,0.10065596,❌ 不是同一個人,0,1,0,0,0,1,0,0,0,1,0,0,0,0
Bnight_mask+Shelmet.jpg,黨勝原照 (1).jpg,0.18895727,❌ 不是同一個人,0,1,0,0,0,1,0,0,0,1,0,0,0,0
Bnight_mask+Shelmet.jpg,子泰原照 (1).jpg,0.1898753,❌ 不是同一個人,0,1,0,0,0,1,0,0,0,1,0,0,0,0
Bgray_mask+Shelmet.jpg,原照 (1).jpg,0.40129706,✅ 同一個人,1,0,0,0,0,1,0,0,0,1,0,0,0,1
Bgray_mask+Shelmet.jpg,瑋志原照 (1).jpg,0.035337716,❌ 不是同一個人,1,0,0,0,0,1,0,0,0,1,0,0,0,0
Bgray_mask+Shelmet.jpg,鈺威原照 (1).jpg,0.10115839,❌ 不是同一個人,1,0,0,0,0,1,0,0,0,1,0,0,0,0
Bgray_mask+Shelmet.jpg,黨勝原照 (1).jpg,0.12596598,❌ 不是同一個人,1,0,0,0,0,1,0,0,0,1,0,0,0,0
Bgray_mask+Shelmet.jpg,子泰原照 (1).jpg,0.09244229,❌ 不是同一個人,1,0,0,0,0,1,0,0,0,1,0,0,0,0
Bwhite_mask+Shelmet.jpg,原照 (1).jpg,0.42296365,✅ 同一個人,0,0,1,0,0,1,0,0,0,1,0,0,0,1
Bwhite_mask+Shelmet.jpg,瑋志原照 (1).jpg,0.077796884,❌ 不是同一個人,0,0,1,0,0,1,0,0,0,1,0,0,0,0
Bwhite_mask+Shelmet.jpg,鈺威原照 (1).jpg,0.1342343,❌ 不是同一個人,0,0,1,0,0,1,0,0,0,1,0,0,0,0
Bwhite_mask+Shelmet.jpg,黨勝原照 (1).jpg,0.15368123,❌ 不是同一個人,0,0,1,0,0,1,0,0,0,1,0,0,0,0
Bwhite_mask+Shelmet.jpg,子泰原照 (1).jpg,0.15338069,❌ 不是同一個人,0,0,1,0,0,1,0,0,0,1,0,0,0,0
Bnight_sunglasses1+Shelmet.jpg,原照 (1).jpg,0.521817,✅ 同一個人,0,1,0,0,0,1,0,0,0,0,0,1,0,1
Bnight_sunglasses1+Shelmet.jpg,瑋志原照 (1).jpg,0.084854394,❌ 不是同一個人,0,1,0,0,0,1,0,0,0,0,0,1,0,0
Bnight_sunglasses1+Shelmet.jpg,鈺威原照 (1).jpg,0.122505255,❌ 不是同一個人,0,1,0,0,0,1,0,0,0,0,0,1,0,0
Bnight_sunglasses1+Shelmet.jpg,黨勝原照 (1).jpg,0.19323331,❌ 不是同一個人,0,1,0,0,0,1,0,0,0,0,0,1,0,0
Bnight_sunglasses1+Shelmet.jpg,子泰原照 (1).jpg,0.20591092,❌ 不是同一個人,0,1,0,0,0,1,0,0,0,0,0,1,0,0
Bgray_sunglasses1+Shelmet.jpg,原照 (1).jpg,0.5198814,✅ 同一個人,1,0,0,0,0,1,0,0,0,0,0,1,0,1
Bgray_sunglasses1+Shelmet.jpg,瑋志原照 (1).jpg,0.21566048,❌ 不是同一個人,1,0,0,0,0,1,0,0,0,0,0,1,0,0
Bgray_sunglasses1+Shelmet.jpg,鈺威原照 (1).jpg,0.16679507,❌ 不是同一個人,1,0,0,0,0,1,0,0,0,0,0,1,0,0
Bgray_sunglasses1+Shelmet.jpg,黨勝原照 (1).jpg,0.13044564,❌ 不是同一個人,1,0,0,0,0,1,0,0,0,0,0,1,0,0
Bgray_sunglasses1+Shelmet.jpg,子泰原照 (1).jpg,0.2001594,❌ 不是同一個人,1,0,0,0,0,1,0,0,0,0,0,1,0,0
Bwhite_sunglasses1+Shelmet.jpg,原照 (1).jpg,0.5141306,✅ 同一個人,0,0,1,0,0,1,0,0,0,0,0,1,0,1
Bwhite_sunglasses1+Shelmet.jpg,瑋志原照 (1).jpg,0.22917938,❌ 不是同一個人,0,0,1,0,0,1,0,0,0,0,0,1,0,0
Bwhite_sunglasses1+Shelmet.jpg,鈺威原照 (1).jpg,0.059245527,❌ 不是同一個人,0,0,1,0,0,1,0,0,0,0,0,1,0,0
Bwhite_sunglasses1+Shelmet.jpg,黨勝原照 (1).jpg,0.043512296,❌ 不是同一個人,0,0,1,0,0,1,0,0,0,0,0,1,0,0
Bwhite_sunglasses1+Shelmet.jpg,子泰原照 (1).jpg,0.13239689,❌ 不是同一個人,0,0,1,0,0,1,0,0,0,0,0,1,0,0
Bnight_Shelmet.jpg,原照 (1).jpg,0.5481955,✅ 同一個人,0,1,0,0,0,1,0,0,0,0,0,0,0,1
Bnight_Shelmet.jpg,瑋志原照 (1).jpg,0.07157042,❌ 不是同一個人,0,1,0,0,0,1,0,0,0,0,0,0,0,0
Bnight_Shelmet.jpg,鈺威原照 (1).jpg,0.20094787,❌ 不是同一個人,0,1,0,0,0,1,0,0,0,0,0,0,0,0
Bnight_Shelmet.jpg,黨勝原照 (1).jpg,0.16140318,❌ 不是同一個人,0,1,0,0,0,1,0,0,0,0,0,0,0,0
Bnight_Shelmet.jpg,子泰原照 (1).jpg,0.16517432,❌ 不是同一個人,0,1,0,0,0,1,0,0,0,0,0,0,0,0
Bgray_Shelmet.jpg,原照 (1).jpg,0.59346193,✅ 同一個人,1,0,0,0,0,1,0,0,0,0,0,0,0,1
Bgray_Shelmet.jpg,瑋志原照 (1).jpg,0.17845339,❌ 不是同一個人,1,0,0,0,0,1,0,0,0,0,0,0,0,0
Bgray_Shelmet.jpg,鈺威原照 (1).jpg,0.0578793,❌ 不是同一個人,1,0,0,0,0,1,0,0,0,0,0,0,0,0
Bgray_Shelmet.jpg,黨勝原照 (1).jpg,0.12894239,❌ 不是同一個人,1,0,0,0,0,1,0,0,0,0,0,0,0,0
Bgray_Shelmet.jpg,子泰原照 (1).jpg,0.2030117,❌ 不是同一個人,1,0,0,0,0,1,0,0,0,0,0,0,0,0
Bwhite_Shelmet.jpg,原照 (1).jpg,0.5854169,✅ 同一個人,0,0,1,0,0,1,0,0,0,0,0,0,0,1
Bwhite_Shelmet.jpg,瑋志原照 (1).jpg,0.14594424,❌ 不是同一個人,0,0,1,0,0,1,0,0,0,0,0,0,0,0
Bwhite_Shelmet.jpg,鈺威原照 (1).jpg,0.05520019,❌ 不是同一個人,0,0,1,0,0,1,0,0,0,0,0,0,0,0
Bwhite_Shelmet.jpg,黨勝原照 (1).jpg,0.063596174,❌ 不是同一個人,0,0,1,0,0,1,0,0,0,0,0,0,0,0
Bwhite_Shelmet.jpg,子泰原照 (1).jpg,0.18911189,❌ 不是同一個人,0,0,1,0,0,1,0,0,0,0,0,0,0,0
Bnight_glasses+Shelmet.jpg,原照 (1).jpg,0.59584594,✅ 同一個人,0,1,0,0,0,1,0,1,0,0,0,0,0,1
Bnight_glasses+Shelmet.jpg,瑋志原照 (1).jpg,0.15442117,❌ 不是同一個人,0,1,0,0,0,1,0,1,0,0,0,0,0,0
Bnight_glasses+Shelmet.jpg,鈺威原照 (1).jpg,0.11131067,❌ 不是同一個人,0,1,0,0,0,1,0,1,0,0,0,0,0,0
Bnight_glasses+Shelmet.jpg,黨勝原照 (1).jpg,0.17007753,❌ 不是同一個人,0,1,0,0,0,1,0,1,0,0,0,0,0,0
Bnight_glasses+Shelmet.jpg,子泰原照 (1).jpg,0.28842238,❌ 不是同一個人,0,1,0,0,0,1,0,1,0,0,0,0,0,0
Bgray_glasses+Shelmet.jpg,原照 (1).jpg,0.67971265,✅ 同一個人,1,0,0,0,0,1,0,1,0,0,0,0,0,1
Bgray_glasses+Shelmet.jpg,瑋志原照 (1).jpg,0.28802216,❌ 不是同一個人,1,0,0,0,0,1,0,1,0,0,0,0,0,0
Bgray_glasses+Shelmet.jpg,鈺威原照 (1).jpg,0.02369671,❌ 不是同一個人,1,0,0,0,0,1,0,1,0,0,0,0,0,0
Bgray_glasses+Shelmet.jpg,黨勝原照 (1).jpg,0.15075435,❌ 不是同一個人,1,0,0,0,0,1,0,1,0,0,0,0,0,0
Bgray_glasses+Shelmet.jpg,子泰原照 (1).jpg,0.2016097,❌ 不是同一個人,1,0,0,0,0,1,0,1,0,0,0,0,0,0
Bwhite_glasses+Shelmet.jpg,原照 (1).jpg,0.58709013,✅ 同一個人,0,0,1,0,0,1,0,1,0,0,0,0,0,1
Bwhite_glasses+Shelmet.jpg,瑋志原照 (1).jpg,0.22657247,❌ 不是同一個人,0,0,1,0,0,1,0,1,0,0,0,0,0,0
Bwhite_glasses+Shelmet.jpg,鈺威原照 (1).jpg,0.002054364,❌ 不是同一個人,0,0,1,0,0,1,0,1,0,0,0,0,0,0
Bwhite_glasses+Shelmet.jpg,黨勝原照 (1).jpg,0.043896355,❌ 不是同一個人,0,0,1,0,0,1,0,1,0,0,0,0,0,0
Bwhite_glasses+Shelmet.jpg,子泰原照 (1).jpg,0.16573533,❌ 不是同一個人,0,0,1,0,0,1,0,1,0,0,0,0,0,0
Bnight_glasses+cap.jpg,原照 (1).jpg,0.5656791,✅ 同一個人,0,1,0,0,0,0,1,1,0,0,0,0,0,1
Bnight_glasses+cap.jpg,瑋志原照 (1).jpg,0.15589887,❌ 不是同一個人,0,1,0,0,0,0,1,1,0,0,0,0,0,0
Bnight_glasses+cap.jpg,鈺威原照 (1).jpg,0.12816429,❌ 不是同一個人,0,1,0,0,0,0,1,1,0,0,0,0,0,0
Bnight_glasses+cap.jpg,黨勝原照 (1).jpg,0.09147163,❌ 不是同一個人,0,1,0,0,0,0,1,1,0,0,0,0,0,0
Bnight_glasses+cap.jpg,子泰原照 (1).jpg,0.18970716,❌ 不是同一個人,0,1,0,0,0,0,1,1,0,0,0,0,0,0
Bgray_glasses+cap.jpg,原照 (1).jpg,0.6058879,✅ 同一個人,1,0,0,0,0,0,1,1,0,0,0,0,0,1
Bgray_glasses+cap.jpg,瑋志原照 (1).jpg,0.21721607,❌ 不是同一個人,1,0,0,0,0,0,1,1,0,0,0,0,0,0
Bgray_glasses+cap.jpg,鈺威原照 (1).jpg,0.09710336,❌ 不是同一個人,1,0,0,0,0,0,1,1,0,0,0,0,0,0
Bgray_glasses+cap.jpg,黨勝原照 (1).jpg,0.16673008,❌ 不是同一個人,1,0,0,0,0,0,1,1,0,0,0,0,0,0
Bgray_glasses+cap.jpg,子泰原照 (1).jpg,0.17433693,❌ 不是同一個人,1,0,0,0,0,0,1,1,0,0,0,0,0,0
Bwhite_glasses+cap.jpg,原照 (1).jpg,0.57931244,✅ 同一個人,0,0,1,0,0,0,1,1,0,0,0,0,0,1
Bwhite_glasses+cap.jpg,瑋志原照 (1).jpg,0.1346032,❌ 不是同一個人,0,0,1,0,0,0,1,1,0,0,0,0,0,0
Bwhite_glasses+cap.jpg,鈺威原照 (1).jpg,0.07029968,❌ 不是同一個人,0,0,1,0,0,0,1,1,0,0,0,0,0,0
Bwhite_glasses+cap.jpg,黨勝原照 (1).jpg,0.08212529,❌ 不是同一個人,0,0,1,0,0,0,1,1,0,0,0,0,0,0
Bwhite_glasses+cap.jpg,子泰原照 (1).jpg,0.21553187,❌ 不是同一個人,0,0,1,0,0,0,1,1,0,0,0,0,0,0
Bnight_glasses+hat.jpg,原照 (1).jpg,0.4862149,✅ 同一個人,0,1,0,0,0,0,0,1,1,0,0,0,0,1
Bnight_glasses+hat.jpg,瑋志原照 (1).jpg,0.19226547,❌ 不是同一個人,0,1,0,0,0,0,0,1,1,0,0,0,0,0
Bnight_glasses+hat.jpg,鈺威原照 (1).jpg,0.12695009,❌ 不是同一個人,0,1,0,0,0,0,0,1,1,0,0,0,0,0
Bnight_glasses+hat.jpg,黨勝原照 (1).jpg,0.1012041,❌ 不是同一個人,0,1,0,0,0,0,0,1,1,0,0,0,0,0
Bnight_glasses+hat.jpg,子泰原照 (1).jpg,0.2655918,❌ 不是同一個人,0,1,0,0,0,0,0,1,1,0,0,0,0,0
Bgray_glasses+hat.jpg,原照 (1).jpg,0.6188271,✅ 同一個人,1,0,0,0,0,0,0,1,1,0,0,0,0,1
Bgray_glasses+hat.jpg,瑋志原照 (1).jpg,0.24340986,❌ 不是同一個人,1,0,0,0,0,0,0,1,1,0,0,0,0,0
Bgray_glasses+hat.jpg,鈺威原照 (1).jpg,0.043315858,❌ 不是同一個人,1,0,0,0,0,0,0,1,1,0,0,0,0,0
Bgray_glasses+hat.jpg,黨勝原照 (1).jpg,0.13306409,❌ 不是同一個人,1,0,0,0,0,0,0,1,1,0,0,0,0,0
Bgray_glasses+hat.jpg,子泰原照 (1).jpg,0.19066875,❌ 不是同一個人,1,0,0,0,0,0,0,1,1,0,0,0,0,0
Bwhite_glasses+hat.jpg,原照 (1).jpg,0.54526937,✅ 同一個人,0,0,1,0,0,0,0,1,1,0,0,0,0,1
Bwhite_glasses+hat.jpg,瑋志原照 (1).jpg,0.1509898,❌ 不是同一個人,0,0,1,0,0,0,0,1,1,0,0,0,0,0
Bwhite_glasses+hat.jpg,鈺威原照 (1).jpg,0.06306934,❌ 不是同一個人,0,0,1,0,0,0,0,1,1,0,0,0,0,0
Bwhite_glasses+hat.jpg,黨勝原照 (1).jpg,0.034622494,❌ 不是同一個人,0,0,1,0,0,0,0,1,1,0,0,0,0,0
Bwhite_glasses+hat.jpg,子泰原照 (1).jpg,0.057456076,❌ 不是同一個人,0,0,1,0,0,0,0,1,1,0,0,0,0,0
Bnight_glasses+Mhelmet.jpg,原照 (1).jpg,0.38551986,✅ 同一個人,0,1,0,0,1,0,0,1,0,0,0,0,0,1
Bnight_glasses+Mhelmet.jpg,瑋志原照 (1).jpg,0.15896834,❌ 不是同一個人,0,1,0,0,1,0,0,1,0,0,0,0,0,0
Bnight_glasses+Mhelmet.jpg,鈺威原照 (1).jpg,-0.004751373,❌ 不是同一個人,0,1,0,0,1,0,0,1,0,0,0,0,0,0
Bnight_glasses+Mhelmet.jpg,黨勝原照 (1).jpg,0.08650576,❌ 不是同一個人,0,1,0,0,1,0,0,1,0,0,0,0,0,0
Bnight_glasses+Mhelmet.jpg,子泰原照 (1).jpg,0.16496392,❌ 不是同一個人,0,1,0,0,1,0,0,1,0,0,0,0,0,0
Bgray_glasses+Mhelmet.jpg,原照 (1).jpg,0.6435775,✅ 同一個人,1,0,0,0,1,0,0,1,0,0,0,0,0,1
Bgray_glasses+Mhelmet.jpg,瑋志原照 (1).jpg,0.29238576,❌ 不是同一個人,1,0,0,0,1,0,0,1,0,0,0,0,0,0
Bgray_glasses+Mhelmet.jpg,鈺威原照 (1).jpg,0.016498456,❌ 不是同一個人,1,0,0,0,1,0,0,1,0,0,0,0,0,0
Bgray_glasses+Mhelmet.jpg,黨勝原照 (1).jpg,0.11226643,❌ 不是同一個人,1,0,0,0,1,0,0,1,0,0,0,0,0,0
Bgray_glasses+Mhelmet.jpg,子泰原照 (1).jpg,0.19206616,❌ 不是同一個人,1,0,0,0,1,0,0,1,0,0,0,0,0,0
Bwhite_glasses+Mhelmet.jpg,原照 (1).jpg,0.6135253,✅ 同一個人,0,0,1,0,1,0,0,1,0,0,0,0,0,1
Bwhite_glasses+Mhelmet.jpg,瑋志原照 (1).jpg,0.23234615,❌ 不是同一個人,0,0,1,0,1,0,0,1,0,0,0,0,0,0
Bwhite_glasses+Mhelmet.jpg,鈺威原照 (1).jpg,0.0669866,❌ 不是同一個人,0,0,1,0,1,0,0,1,0,0,0,0,0,0
Bwhite_glasses+Mhelmet.jpg,黨勝原照 (1).jpg,0.07547473,❌ 不是同一個人,0,0,1,0,1,0,0,1,0,0,0,0,0,0
Bwhite_glasses+Mhelmet.jpg,子泰原照 (1).jpg,0.23778728,❌ 不是同一個人,0,0,1,0,1,0,0,1,0,0,0,0,0,0
Bnight_sunglasses1+mask.jpg,原照 (1).jpg,0.33597487,❌ 不是同一個人,0,1,0,0,0,0,0,0,0,1,0,1,0,1
Bnight_sunglasses1+mask.jpg,瑋志原照 (1).jpg,0.09020653,❌ 不是同一個人,0,1,0,0,0,0,0,0,0,1,0,1,0,0
Bnight_sunglasses1+mask.jpg,鈺威原照 (1).jpg,0.068919376,❌ 不是同一個人,0,1,0,0,0,0,0,0,0,1,0,1,0,0
Bnight_sunglasses1+mask.jpg,黨勝原照 (1).jpg,0.19851774,❌ 不是同一個人,0,1,0,0,0,0,0,0,0,1,0,1,0,0
Bnight_sunglasses1+mask.jpg,子泰原照 (1).jpg,0.20703663,❌ 不是同一個人,0,1,0,0,0,0,0,0,0,1,0,1,0,0
Bgray_sunglasses1+mask.jpg,原照 (1).jpg,0.39514625,✅ 同一個人,1,0,0,0,0,0,0,0,0,1,0,1,0,1
Bgray_sunglasses1+mask.jpg,瑋志原照 (1).jpg,0.066608205,❌ 不是同一個人,1,0,0,0,0,0,0,0,0,1,0,1,0,0
Bgray_sunglasses1+mask.jpg,鈺威原照 (1).jpg,0.11294608,❌ 不是同一個人,1,0,0,0,0,0,0,0,0,1,0,1,0,0
Bgray_sunglasses1+mask.jpg,黨勝原照 (1).jpg,0.12928334,❌ 不是同一個人,1,0,0,0,0,0,0,0,0,1,0,1,0,0
Bgray_sunglasses1+mask.jpg,子泰原照 (1).jpg,0.19807824,❌ 不是同一個人,1,0,0,0,0,0,0,0,0,1,0,1,0,0
Bwhite_sunglasses1+mask.jpg,原照 (1).jpg,0.41758105,✅ 同一個人,0,0,1,0,0,0,0,0,0,1,0,1,0,1
Bwhite_sunglasses1+mask.jpg,瑋志原照 (1).jpg,0.117932454,❌ 不是同一個人,0,0,1,0,0,0,0,0,0,1,0,1,0,0
Bwhite_sunglasses1+mask.jpg,鈺威原照 (1).jpg,0.09999438,❌ 不是同一個人,0,0,1,0,0,0,0,0,0,1,0,1,0,0
Bwhite_sunglasses1+mask.jpg,黨勝原照 (1).jpg,0.15334547,❌ 不是同一個人,0,0,1,0,0,0,0,0,0,1,0,1,0,0
Bwhite_sunglasses1+mask.jpg,子泰原照 (1).jpg,0.20171241,❌ 不是同一個人,0,0,1,0,0,0,0,0,0,1,0,1,0,0
Bnight_sunglasses2+mask.jpg,原照 (1).jpg,0.25955182,❌ 不是同一個人,0,1,0,0,0,0,0,0,0,1,0,0,1,1
Bnight_sunglasses2+mask.jpg,瑋志原照 (1).jpg,0.0651921,❌ 不是同一個人,0,1,0,0,0,0,0,0,0,1,0,0,1,0
Bnight_sunglasses2+mask.jpg,鈺威原照 (1).jpg,0.054017343,❌ 不是同一個人,0,1,0,0,0,0,0,0,0,1,0,0,1,0
Bnight_sunglasses2+mask.jpg,黨勝原照 (1).jpg,0.19340026,❌ 不是同一個人,0,1,0,0,0,0,0,0,0,1,0,0,1,0
Bnight_sunglasses2+mask.jpg,子泰原照 (1).jpg,0.19307253,❌ 不是同一個人,0,1,0,0,0,0,0,0,0,1,0,0,1,0
Bgray_sunglasses2+mask.jpg,原照 (1).jpg,0.2784563,❌ 不是同一個人,1,0,0,0,0,0,0,0,0,1,0,0,1,1
Bgray_sunglasses2+mask.jpg,瑋志原照 (1).jpg,0.08925227,❌ 不是同一個人,1,0,0,0,0,0,0,0,0,1,0,0,1,0
Bgray_sunglasses2+mask.jpg,鈺威原照 (1).jpg,0.07763468,❌ 不是同一個人,1,0,0,0,0,0,0,0,0,1,0,0,1,0
Bgray_sunglasses2+mask.jpg,黨勝原照 (1).jpg,0.11180934,❌ 不是同一個人,1,0,0,0,0,0,0,0,0,1,0,0,1,0
Bgray_sunglasses2+mask.jpg,子泰原照 (1).jpg,0.16782355,❌ 不是同一個人,1,0,0,0,0,0,0,0,0,1,0,0,1,0
Bwhite_sunglasses2+mask.jpg,原照 (1).jpg,0.35623622,✅ 同一個人,0,0,1,0,0,0,0,0,0,1,0,0,1,1
Bwhite_sunglasses2+mask.jpg,瑋志原照 (1).jpg,0.102952555,❌ 不是同一個人,0,0,1,0,0,0,0,0,0,1,0,0,1,0
Bwhite_sunglasses2+mask.jpg,鈺威原照 (1).jpg,0.03881764,❌ 不是同一個人,0,0,1,0,0,0,0,0,0,1,0,0,1,0
Bwhite_sunglasses2+mask.jpg,黨勝原照 (1).jpg,0.10419506,❌ 不是同一個人,0,0,1,0,0,0,0,0,0,1,0,0,1,0
Bwhite_sunglasses2+mask.jpg,子泰原照 (1).jpg,0.16441157,❌ 不是同一個人,0,0,1,0,0,0,0,0,0,1,0,0,1,0
Bnight_sunglasses2.jpg,原照 (1).jpg,0.59847605,✅ 同一個人,0,1,0,0,0,0,0,0,0,0,0,0,1,1
Bnight_sunglasses2.jpg,瑋志原照 (1).jpg,0.053254675,❌ 不是同一個人,0,1,0,0,0,0,0,0,0,0,0,0,1,0
Bnight_sunglasses2.jpg,鈺威原照 (1).jpg,0.10433564,❌ 不是同一個人,0,1,0,0,0,0,0,0,0,0,0,0,1,0
Bnight_sunglasses2.jpg,黨勝原照 (1).jpg,0.21515334,❌ 不是同一個人,0,1,0,0,0,0,0,0,0,0,0,0,1,0
Bnight_sunglasses2.jpg,子泰原照 (1).jpg,0.2142951,❌ 不是同一個人,0,1,0,0,0,0,0,0,0,0,0,0,1,0
Bgray_sunglasses2.jpg,原照 (1).jpg,0.64143777,✅ 同一個人,1,0,0,0,0,0,0,0,0,0,0,0,1,1
Bgray_sunglasses2.jpg,瑋志原照 (1).jpg,0.1524816,❌ 不是同一個人,1,0,0,0,0,0,0,0,0,0,0,0,1,0
Bgray_sunglasses2.jpg,鈺威原照 (1).jpg,0.16440463,❌ 不是同一個人,1,0,0,0,0,0,0,0,0,0,0,0,1,0
Bgray_sunglasses2.jpg,黨勝原照 (1).jpg,0.19323967,❌ 不是同一個人,1,0,0,0,0,0,0,0,0,0,0,0,1,0
Bgray_sunglasses2.jpg,子泰原照 (1).jpg,0.25233427,❌ 不是同一個人,1,0,0,0,0,0,0,0,0,0,0,0,1,0
Bwhite_sunglasses2.jpg,原照 (1).jpg,0.66599536,✅ 同一個人,0,0,1,0,0,0,0,0,0,0,0,0,1,1
Bwhite_sunglasses2.jpg,瑋志原照 (1).jpg,0.0889375,❌ 不是同一個人,0,0,1,0,0,0,0,0,0,0,0,0,1,0
Bwhite_sunglasses2.jpg,鈺威原照 (1).jpg,0.12940261,❌ 不是同一個人,0,0,1,0,0,0,0,0,0,0,0,0,1,0
Bwhite_sunglasses2.jpg,黨勝原照 (1).jpg,0.19609666,❌ 不是同一個人,0,0,1,0,0,0,0,0,0,0,0,0,1,0
Bwhite_sunglasses2.jpg,子泰原照 (1).jpg,0.24183235,❌ 不是同一個人,0,0,1,0,0,0,0,0,0,0,0,0,1,0
Bnight_sunglasses1.jpg,原照 (1).jpg,0.5295205,✅ 同一個人,0,1,0,0,0,0,0,0,0,0,0,1,0,1
Bnight_sunglasses1.jpg,瑋志原照 (1).jpg,0.12230563,❌ 不是同一個人,0,1,0,0,0,0,0,0,0,0,0,1,0,0
Bnight_sunglasses1.jpg,鈺威原照 (1).jpg,0.12511727,❌ 不是同一個人,0,1,0,0,0,0,0,0,0,0,0,1,0,0
Bnight_sunglasses1.jpg,黨勝原照 (1).jpg,0.13303688,❌ 不是同一個人,0,1,0,0,0,0,0,0,0,0,0,1,0,0
Bnight_sunglasses1.jpg,子泰原照 (1).jpg,0.239497,❌ 不是同一個人,0,1,0,0,0,0,0,0,0,0,0,1,0,0
Bgray_sunglasses1.jpg,原照 (1).jpg,0.6973485,✅ 同一個人,1,0,0,0,0,0,0,0,0,0,0,1,0,1
Bgray_sunglasses1.jpg,瑋志原照 (1).jpg,0.16213979,❌ 不是同一個人,1,0,0,0,0,0,0,0,0,0,0,1,0,0
Bgray_sunglasses1.jpg,鈺威原照 (1).jpg,0.13023849,❌ 不是同一個人,1,0,0,0,0,0,0,0,0,0,0,1,0,0
Bgray_sunglasses1.jpg,黨勝原照 (1).jpg,0.19232199,❌ 不是同一個人,1,0,0,0,0,0,0,0,0,0,0,1,0,0
Bgray_sunglasses1.jpg,子泰原照 (1).jpg,0.20086575,❌ 不是同一個人,1,0,0,0,0,0,0,0,0,0,0,1,0,0
Bwhite_sunglasses1.jpg,原照 (1).jpg,0.6586777,✅ 同一個人,0,0,1,0,0,0,0,0,0,0,0,1,0,1
Bwhite_sunglasses1.jpg,瑋志原照 (1).jpg,0.14449614,❌ 不是同一個人,0,0,1,0,0,0,0,0,0,0,0,1,0,0
Bwhite_sunglasses1.jpg,鈺威原照 (1).jpg,0.1110556,❌ 不是同一個人,0,0,1,0,0,0,0,0,0,0,0,1,0,0
Bwhite_sunglasses1.jpg,黨勝原照 (1).jpg,0.16144693,❌ 不是同一個人,0,0,1,0,0,0,0,0,0,0,0,1,0,0
Bwhite_sunglasses1.jpg,子泰原照 (1).jpg,0.21420228,❌ 不是同一個人,0,0,1,0,0,0,0,0,0,0,0,1,0,0
Bnight_mask+glasses.jpg,原照 (1).jpg,0.446068,✅ 同一個人,0,1,0,0,0,0,0,1,0,1,0,0,0,1
Bnight_mask+glasses.jpg,瑋志原照 (1).jpg,0.19037572,❌ 不是同一個人,0,1,0,0,0,0,0,1,0,1,0,0,0,0
Bnight_mask+glasses.jpg,鈺威原照 (1).jpg,-0.005089387,❌ 不是同一個人,0,1,0,0,0,0,0,1,0,1,0,0,0,0
Bnight_mask+glasses.jpg,黨勝原照 (1).jpg,0.18661709,❌ 不是同一個人,0,1,0,0,0,0,0,1,0,1,0,0,0,0
Bnight_mask+glasses.jpg,子泰原照 (1).jpg,0.13817987,❌ 不是同一個人,0,1,0,0,0,0,0,1,0,1,0,0,0,0
Bgray_mask+glasses.jpg,原照 (1).jpg,0.60759556,✅ 同一個人,1,0,0,0,0,0,0,1,0,1,0,0,0,1
Bgray_mask+glasses.jpg,瑋志原照 (1).jpg,0.19683594,❌ 不是同一個人,1,0,0,0,0,0,0,1,0,1,0,0,0,0
Bgray_mask+glasses.jpg,鈺威原照 (1).jpg,0.024651902,❌ 不是同一個人,1,0,0,0,0,0,0,1,0,1,0,0,0,0
Bgray_mask+glasses.jpg,黨勝原照 (1).jpg,0.11643023,❌ 不是同一個人,1,0,0,0,0,0,0,1,0,1,0,0,0,0
Bgray_mask+glasses.jpg,子泰原照 (1).jpg,0.25837284,❌ 不是同一個人,1,0,0,0,0,0,0,1,0,1,0,0,0,0
Bwhite_mask+glasses.jpg,原照 (1).jpg,0.56684756,✅ 同一個人,0,0,1,0,0,0,0,1,0,1,0,0,0,1
Bwhite_mask+glasses.jpg,瑋志原照 (1).jpg,0.17729323,❌ 不是同一個人,0,0,1,0,0,0,0,1,0,1,0,0,0,0
Bwhite_mask+glasses.jpg,鈺威原照 (1).jpg,-0.008735048,❌ 不是同一個人,0,0,1,0,0,0,0,1,0,1,0,0,0,0
Bwhite_mask+glasses.jpg,黨勝原照 (1).jpg,0.118009225,❌ 不是同一個人,0,0,1,0,0,0,0,1,0,1,0,0,0,0
Bwhite_mask+glasses.jpg,子泰原照 (1).jpg,0.21979573,❌ 不是同一個人,0,0,1,0,0,0,0,1,0,1,0,0,0,0
Bnight_mask.jpg,原照 (1).jpg,0.44373184,✅ 同一個人,0,1,0,0,0,0,0,0,0,1,0,0,0,1
Bnight_mask.jpg,瑋志原照 (1).jpg,0.12875524,❌ 不是同一個人,0,1,0,0,0,0,0,0,0,1,0,0,0,0
Bnight_mask.jpg,鈺威原照 (1).jpg,0.10784936,❌ 不是同一個人,0,1,0,0,0,0,0,0,0,1,0,0,0,0
Bnight_mask.jpg,黨勝原照 (1).jpg,0.24371012,❌ 不是同一個人,0,1,0,0,0,0,0,0,0,1,0,0,0,0
Bnight_mask.jpg,子泰原照 (1).jpg,0.18856739,❌ 不是同一個人,0,1,0,0,0,0,0,0,0,1,0,0,0,0
Bgray_mask.jpg,原照 (1).jpg,0.4588452,✅ 同一個人,1,0,0,0,0,0,0,0,0,1,0,0,0,1
Bgray_mask.jpg,瑋志原照 (1).jpg,0.06763791,❌ 不是同一個人,1,0,0,0,0,0,0,0,0,1,0,0,0,0
Bgray_mask.jpg,鈺威原照 (1).jpg,0.105605915,❌ 不是同一個人,1,0,0,0,0,0,0,0,0,1,0,0,0,0
Bgray_mask.jpg,黨勝原照 (1).jpg,0.17988443,❌ 不是同一個人,1,0,0,0,0,0,0,0,0,1,0,0,0,0
Bgray_mask.jpg,子泰原照 (1).jpg,0.12957719,❌ 不是同一個人,1,0,0,0,0,0,0,0,0,1,0,0,0,0
Bwhite_mask.jpg,原照 (1).jpg,0.53753144,✅ 同一個人,0,0,1,0,0,0,0,0,0,1,0,0,0,1
Bwhite_mask.jpg,瑋志原照 (1).jpg,0.08294217,❌ 不是同一個人,0,0,1,0,0,0,0,0,0,1,0,0,0,0
Bwhite_mask.jpg,鈺威原照 (1).jpg,0.094257295,❌ 不是同一個人,0,0,1,0,0,0,0,0,0,1,0,0,0,0
Bwhite_mask.jpg,黨勝原照 (1).jpg,0.19389486,❌ 不是同一個人,0,0,1,0,0,0,0,0,0,1,0,0,0,0
Bwhite_mask.jpg,子泰原照 (1).jpg,0.13575403,❌ 不是同一個人,0,0,1,0,0,0,0,0,0,1,0,0,0,0
Bnight_non.jpg,原照 (1).jpg,0.6219959,✅ 同一個人,0,1,0,0,0,0,0,0,0,0,1,0,0,1
Bnight_non.jpg,瑋志原照 (1).jpg,0.09100109,❌ 不是同一個人,0,1,0,0,0,0,0,0,0,0,1,0,0,0
Bnight_non.jpg,鈺威原照 (1).jpg,0.1168582,❌ 不是同一個人,0,1,0,0,0,0,0,0,0,0,1,0,0,0
Bnight_non.jpg,黨勝原照 (1).jpg,0.19743189,❌ 不是同一個人,0,1,0,0,0,0,0,0,0,0,1,0,0,0
Bnight_non.jpg,子泰原照 (1).jpg,0.15598814,❌ 不是同一個人,0,1,0,0,0,0,0,0,0,0,1,0,0,0
Bgray_non.jpg,原照 (1).jpg,0.6808475,✅ 同一個人,1,0,0,0,0,0,0,0,0,0,1,0,0,1
Bgray_non.jpg,瑋志原照 (1).jpg,0.13481092,❌ 不是同一個人,1,0,0,0,0,0,0,0,0,0,1,0,0,0
Bgray_non.jpg,鈺威原照 (1).jpg,0.06873417,❌ 不是同一個人,1,0,0,0,0,0,0,0,0,0,1,0,0,0
Bgray_non.jpg,黨勝原照 (1).jpg,0.13875663,❌ 不是同一個人,1,0,0,0,0,0,0,0,0,0,1,0,0,0
Bgray_non.jpg,子泰原照 (1).jpg,0.18597957,❌ 不是同一個人,1,0,0,0,0,0,0,0,0,0,1,0,0,0
Bwhite_non.jpg,原照 (1).jpg,0.69765,✅ 同一個人,0,0,1,0,0,0,0,0,0,0,1,0,0,1
Bwhite_non.jpg,瑋志原照 (1).jpg,0.10203546,❌ 不是同一個人,0,0,1,0,0,0,0,0,0,0,1,0,0,0
Bwhite_non.jpg,鈺威原照 (1).jpg,0.08464011,❌ 不是同一個人,0,0,1,0,0,0,0,0,0,0,1,0,0,0
Bwhite_non.jpg,黨勝原照 (1).jpg,0.1459867,❌ 不是同一個人,0,0,1,0,0,0,0,0,0,0,1,0,0,0
Bwhite_non.jpg,子泰原照 (1).jpg,0.19190004,❌ 不是同一個人,0,0,1,0,0,0,0,0,0,0,1,0,0,0
Bnight_glasses.jpg,原照 (1).jpg,0.6448021,✅ 同一個人,0,1,0,0,0,0,0,1,0,0,0,0,0,1
Bnight_glasses.jpg,瑋志原照 (1).jpg,0.18329489,❌ 不是同一個人,0,1,0,0,0,0,0,1,0,0,0,0,0,0
Bnight_glasses.jpg,鈺威原照 (1).jpg,0.10565372,❌ 不是同一個人,0,1,0,0,0,0,0,1,0,0,0,0,0,0
Bnight_glasses.jpg,黨勝原照 (1).jpg,0.17943679,❌ 不是同一個人,0,1,0,0,0,0,0,1,0,0,0,0,0,0
Bnight_glasses.jpg,子泰原照 (1).jpg,0.23576167,❌ 不是同一個人,0,1,0,0,0,0,0,1,0,0,0,0,0,0
Bgray_glasses.jpg,原照 (1).jpg,0.828446,✅ 同一個人,1,0,0,0,0,0,0,1,0,0,0,0,0,1
Bgray_glasses.jpg,瑋志原照 (1).jpg,0.1847627,❌ 不是同一個人,1,0,0,0,0,0,0,1,0,0,0,0,0,0
Bgray_glasses.jpg,鈺威原照 (1).jpg,0.08646922,❌ 不是同一個人,1,0,0,0,0,0,0,1,0,0,0,0,0,0
Bgray_glasses.jpg,黨勝原照 (1).jpg,0.19574453,❌ 不是同一個人,1,0,0,0,0,0,0,1,0,0,0,0,0,0
Bgray_glasses.jpg,子泰原照 (1).jpg,0.23885596,❌ 不是同一個人,1,0,0,0,0,0,0,1,0,0,0,0,0,0
Bwhite_glasses.jpg,原照 (1).jpg,0.80093455,✅ 同一個人,0,0,1,0,0,0,0,1,0,0,0,0,0,1
Bwhite_glasses.jpg,瑋志原照 (1).jpg,0.11550397,❌ 不是同一個人,0,0,1,0,0,0,0,1,0,0,0,0,0,0
Bwhite_glasses.jpg,鈺威原照 (1).jpg,0.06180091,❌ 不是同一個人,0,0,1,0,0,0,0,1,0,0,0,0,0,0
Bwhite_glasses.jpg,黨勝原照 (1).jpg,0.09027272,❌ 不是同一個人,0,0,1,0,0,0,0,1,0,0,0,0,0,0
Bwhite_glasses.jpg,子泰原照 (1).jpg,0.23491645,❌ 不是同一個人,0,0,1,0,0,0,0,1,0,0,0,0,0,0
